name,nb,anchor,contaminated_anchor,claimed_random_RAE,scaffold_CV_RAE,delta,new_rank,per_fold_rae_str
nb2184_mean_bag_oof_honest_K20,2184,nb730_honest,True,0.3813,0.383693,0.002393,1.0,0.3711;0.3672;0.3909;0.4562;0.3335
nb2178_mean_bag_oof_K15,2178,nb730,True,0.380988,0.383719,0.002731,2.0,0.3790;0.3909;0.3824;0.4380;0.3284
nb2184_mean_bag_oof_honest_K15,2184,nb730_honest,True,0.382368,0.385045,0.002678,3.0,0.3877;0.3676;0.4099;0.4359;0.3239
nb2178_mean_bag_oof_K20,2178,nb730,True,0.383897,0.385912,0.002016,4.0,0.3778;0.3720;0.3965;0.4413;0.3422
nb2184_mean_bag_oof_honest_K28,2184,nb730_honest,True,0.389598,0.392266,0.002668,5.0,0.3947;0.3846;0.3846;0.4493;0.3484
nb2170_mean_bag_oof,2170,nb730_multi_seed_null_ensemble,True,0.391996,0.394884,0.002888,6.0,0.3960;0.3935;0.3796;0.4566;0.3491
nb2178_mean_bag_oof_K28,2178,nb730,True,0.395952,0.398833,0.002882,7.0,0.3982;0.3821;0.4005;0.4673;0.3464
nb2178_mean_bag_oof_K40,2178,nb730,True,0.405117,0.408391,0.003274,8.0,0.4219;0.3929;0.4010;0.4683;0.3581
nb2178_mean_bag_oof_K80,2178,nb730,True,0.414188,0.416375,0.002187,9.0,0.4001;0.4144;0.4043;0.4865;0.3772
nb2178_mean_bag_oof_K56,2178,nb730,True,0.413223,0.416418,0.003195,10.0,0.4179;0.4149;0.3963;0.4858;0.3677
nb2178_mean_bag_oof_K117,2178,nb730,True,0.416536,0.419121,0.002585,11.0,0.4117;0.4244;0.4020;0.4819;0.3760
nb2189_mean_bag_oof_K20,2189,?,True,0.458989,0.464186,0.005197,12.0,0.4891;0.4053;0.4503;0.5826;0.3946
nb2189_mean_bag_oof_K28,2189,?,True,0.464214,0.467975,0.003761,13.0,0.4732;0.4349;0.4328;0.5734;0.4268
nb2167_sklearn_mean_bag_oof_K28,2167,chemprop_aux,False,0.472467,0.472557,9e-05,14.0,0.4616;0.4217;0.5198;0.5051;0.4549
nb2189_mean_bag_oof_K15,2189,?,True,0.468019,0.472921,0.004902,15.0,0.4818;0.4068;0.4478;0.6172;0.4127
nb2123_mean_bag_oof_L12,2123,chemprop_aux,False,0.472623,0.473757,0.001133,,0.4803;0.4303;0.5068;0.5039;0.4476
nb2153_mean_bag_oof_K28_ff070,2153,chemprop_aux,False,0.472845,0.473874,0.001029,,0.4750;0.4375;0.5187;0.4991;0.4390
nb2174_mean_bag_oof_c2_0,2174,chemprop_aux,False,0.474184,0.474624,0.000441,,0.4643;0.4424;0.5156;0.5018;0.4489
nb2103_mean_bag_oof_K28,2103,chemprop_aux,False,0.473687,0.475072,0.001385,,0.4859;0.4314;0.5088;0.5043;0.4449
nb2121_mean_bag_oof_lam2,2121,chemprop_aux,False,0.473687,0.475072,0.001385,,0.4859;0.4314;0.5088;0.5043;0.4449
nb2151_mean_bag_oof_mc5,2151,chemprop_aux,False,0.473687,0.475072,0.001385,,0.4859;0.4314;0.5088;0.5043;0.4449
nb2153_mean_bag_oof_K28_ff100,2153,chemprop_aux,False,0.473687,0.475072,0.001385,,0.4859;0.4314;0.5088;0.5043;0.4449
nb2159_mean_bag_oof,2159,chemprop_aux,False,0.473687,0.475072,0.001385,,0.4859;0.4314;0.5088;0.5043;0.4449
nb2166_mean_bag_oof_ss100,2166,chemprop_aux,False,0.473687,0.475072,0.001385,,0.4859;0.4314;0.5088;0.5043;0.4449
nb2202_mean_bag_oof_K28,2202,chemprop_aux,False,0.473687,0.475072,0.001385,,0.4859;0.4314;0.5088;0.5043;0.4449
nb2123_mean_bag_oof_L16,2123,chemprop_aux,False,0.474221,0.475659,0.001439,,0.4869;0.4328;0.5090;0.5049;0.4446
nb2123_mean_bag_oof_L18,2123,chemprop_aux,False,0.474221,0.475659,0.001439,,0.4869;0.4328;0.5090;0.5049;0.4446
nb2153_mean_bag_oof_K28_ff080,2153,chemprop_aux,False,0.474966,0.476069,0.001103,,0.4793;0.4408;0.5204;0.4991;0.4404
nb2174_mean_bag_oof_signlog,2174,chemprop_aux,False,0.475371,0.476111,0.00074,,0.4746;0.4408;0.5131;0.5014;0.4506
nb2174_mean_bag_oof_c1_5,2174,chemprop_aux,False,0.475797,0.476305,0.000508,,0.4686;0.4479;0.5089;0.5020;0.4542
nb2123_mean_bag_oof_L14,2123,chemprop_aux,False,0.475729,0.476667,0.000937,,0.4822;0.4334;0.5119;0.5032;0.4528
nb2121_mean_bag_oof_lam3,2121,chemprop_aux,False,0.475701,0.476891,0.00119,,0.4782;0.4383;0.5110;0.5111;0.4459
nb2153_mean_bag_oof_K28_ff090,2153,chemprop_aux,False,0.476034,0.477326,0.001292,,0.4841;0.4340;0.5094;0.5106;0.4486
nb2121_mean_bag_oof_lam4,2121,chemprop_aux,False,0.476621,0.477749,0.001127,,0.4748;0.4439;0.5134;0.5123;0.4444
nb2151_mean_bag_oof_mc3,2151,chemprop_aux,False,0.476471,0.478003,0.001532,,0.4767;0.4482;0.4854;0.5271;0.4531
nb2142_mean_bag_oof_K28,2142,chemprop_aux,False,0.477479,0.478244,0.000764,,0.4700;0.4418;0.5285;0.5085;0.4423
nb2133_mean_bag_oof_lr0_06,2133,chemprop_aux,False,0.477506,0.47831,0.000805,,0.4806;0.4339;0.5189;0.5051;0.4531
nb2103_mean_bag_oof_K29,2103,chemprop_aux,False,0.477314,0.478554,0.001239,,0.4877;0.4347;0.5104;0.5080;0.4521
nb2103_mean_bag_oof_K35,2103,chemprop_aux,False,0.479308,0.479601,0.000293,,0.4844;0.4155;0.5161;0.5092;0.4732
nb2121_mean_bag_oof_lam1,2121,chemprop_aux,False,0.478355,0.479655,0.0013,,0.4957;0.4359;0.5127;0.5003;0.4535
nb2081_mean_bag_oof_K30,2081,chemprop_aux,False,0.478849,0.479967,0.001118,,0.4860;0.4412;0.5112;0.5076;0.4539
nb2133_mean_bag_oof_lr0_04,2133,chemprop_aux,False,0.47898,0.480108,0.001128,,0.4902;0.4380;0.5137;0.5040;0.4546
nb2151_mean_bag_oof_mc7,2151,chemprop_aux,False,0.478808,0.480386,0.001579,,0.4807;0.4392;0.5192;0.5238;0.4391
nb2133_mean_bag_oof_lr0_02,2133,chemprop_aux,False,0.479068,0.480537,0.001469,,0.4889;0.4404;0.5109;0.5135;0.4490
nb2091_mean_bag_oof_K25,2091,chemprop_aux,False,0.479031,0.480654,0.001623,,0.4863;0.4397;0.5207;0.5169;0.4394
nb2165_lgbm_mean_bag_oof,2165,chemprop_aux,False,0.479844,0.480742,0.000897,,0.4781;0.4465;0.5199;0.5090;0.4502
nb2121_mean_bag_oof_lam5,2121,chemprop_aux,False,0.480086,0.480841,0.000754,,0.4691;0.4469;0.5179;0.5192;0.4512
nb2103_mean_bag_oof_K33,2103,chemprop_aux,False,0.480443,0.480895,0.000451,,0.4827;0.4328;0.5083;0.5095;0.4716
nb2166_mean_bag_oof_ss090,2166,chemprop_aux,False,0.48007,0.481472,0.001402,,0.4822;0.4471;0.5204;0.5155;0.4420
nb2103_mean_bag_oof_K34,2103,chemprop_aux,False,0.481073,0.481577,0.000503,,0.4903;0.4257;0.5116;0.5066;0.4740
nb2103_mean_bag_oof_K26,2103,chemprop_aux,False,0.480126,0.481612,0.001486,,0.4838;0.4385;0.5237;0.5206;0.4414
nb2103_mean_bag_oof_K27,2103,chemprop_aux,False,0.480993,0.482581,0.001587,,0.4953;0.4421;0.5156;0.5111;0.4487
nb2166_mean_bag_oof_ss070,2166,chemprop_aux,False,0.484294,0.485586,0.001292,,0.4738;0.4606;0.5397;0.5210;0.4325
nb2103_mean_bag_oof_K32,2103,chemprop_aux,False,0.484816,0.486119,0.001303,,0.4902;0.4401;0.5108;0.5283;0.4616
nb2081_mean_bag_oof_K40,2081,chemprop_aux,False,0.48541,0.486255,0.000845,,0.4848;0.4374;0.5187;0.5256;0.4651
nb2202_mean_bag_oof_K40,2202,chemprop_aux,False,0.48541,0.486255,0.000845,,0.4848;0.4374;0.5187;0.5256;0.4651
nb2166_mean_bag_oof_ss080,2166,chemprop_aux,False,0.484661,0.486296,0.001635,,0.4833;0.4513;0.5304;0.5284;0.4380
nb2189_mean_bag_oof_K40,2189,?,True,0.482143,0.486529,0.004386,,0.4811;0.4469;0.4473;0.6256;0.4335
nb2103_mean_bag_oof_K31,2103,chemprop_aux,False,0.485591,0.48655,0.000959,,0.4881;0.4397;0.5155;0.5241;0.4657
nb2174_mean_bag_oof_c1_0,2174,chemprop_aux,False,0.489167,0.490349,0.001182,,0.4934;0.4728;0.5061;0.5136;0.4658
nb2165_xgb_mean_bag_oof,2165,chemprop_aux,False,0.489853,0.490359,0.000506,,0.4771;0.4461;0.5263;0.5340;0.4687
nb2151_mean_bag_oof_mc10,2151,chemprop_aux,False,0.490713,0.493246,0.002532,,0.4981;0.4479;0.5293;0.5539;0.4370
nb2091_mean_bag_oof_K20,2091,chemprop_aux,False,0.490322,0.493374,0.003051,,0.5313;0.4216;0.5356;0.5370;0.4412
nb2202_mean_bag_oof_K20,2202,chemprop_aux,False,0.490322,0.493374,0.003051,,0.5313;0.4216;0.5356;0.5370;0.4412
nb2091_mean_bag_oof_K15,2091,chemprop_aux,False,0.495856,0.498961,0.003106,,0.5492;0.4172;0.5360;0.5366;0.4557
nb2202_mean_bag_oof_K15,2202,chemprop_aux,False,0.495856,0.498961,0.003106,,0.5492;0.4172;0.5360;0.5366;0.4557
nb2081_mean_bag_oof_K60,2081,chemprop_aux,False,0.497292,0.499042,0.001751,,0.5040;0.4689;0.5256;0.5361;0.4605
nb2160_mean_bag_oof_drop005,2160,chemprop_aux,False,0.497638,0.499759,0.002121,,0.5237;0.4740;0.5150;0.5200;0.4658
nb2081_mean_bag_oof_K75,2081,chemprop_aux,False,0.49881,0.500197,0.001387,,0.4951;0.4730;0.5287;0.5406;0.4636
nb2158_mean_bag_oof_K28_monotone,2158,chemprop_aux,False,0.498846,0.501511,0.002665,,0.5102;0.4990;0.5322;0.5294;0.4360
nb2160_mean_bag_oof_drop010,2160,chemprop_aux,False,0.500631,0.502837,0.002206,,0.5326;0.4780;0.5105;0.5193;0.4736
nb2091_mean_bag_oof_K10,2091,chemprop_aux,False,0.502126,0.504979,0.002853,,0.5520;0.4475;0.5123;0.5358;0.4773
nb2160_mean_bag_oof_drop020,2160,chemprop_aux,False,0.508953,0.511144,0.002191,,0.5396;0.4920;0.5139;0.5267;0.4832
nb2141_mean_bag_oof,2141,chemprop_aux,False,0.511999,0.514255,0.002257,,0.5271;0.4653;0.5529;0.5601;0.4659
nb2174_mean_bag_oof_c0_5,2174,chemprop_aux,False,0.514736,0.516417,0.001681,,0.5321;0.5037;0.5200;0.5338;0.4923
nb2172_top1_plus_top3_mean_bag_oof,2172,chemprop_aux,False,0.525544,0.527207,0.001663,,0.4935;0.4606;0.5513;0.6436;0.4885
nb2172_AtomPair_mean_bag_oof,2172,chemprop_aux,False,0.533622,0.536268,0.002647,,0.5743;0.5608;0.5642;0.5045;0.4758
nb2172_top1_plus_top2_mean_bag_oof,2172,chemprop_aux,False,0.534965,0.536586,0.001621,,0.5410;0.5206;0.6254;0.5351;0.4593
nb2191_mlp_mean_bag_oof,2191,chemprop_aux,False,0.543984,0.54811,0.004126,,0.5759;0.5459;0.4889;0.6164;0.5141
nb2172_Mordred_mean_bag_oof,2172,chemprop_aux,False,0.551604,0.553061,0.001457,,0.5491;0.5192;0.6505;0.5694;0.4758
nb2172_ChempropEmbed_mean_bag_oof,2172,chemprop_aux,False,0.559942,0.562886,0.002945,,0.5304;0.5138;0.5627;0.7001;0.5091
nb2172_Avalon_mean_bag_oof,2172,chemprop_aux,False,0.579315,0.579236,-7.9e-05,,0.5794;0.5398;0.5662;0.6089;0.6029
nb2172_MACCS_mean_bag_oof,2172,chemprop_aux,False,0.609064,0.610838,0.001774,,0.6162;0.6232;0.5169;0.6651;0.6343
nb2172_ChEMBL_kNN_mean_bag_oof,2172,chemprop_aux,False,0.688955,0.692829,0.003873,,0.6801;0.7444;0.7093;0.7381;0.5912
