name,inchikey,cid,anchor_pec50
OADMET-0006617,MXVNZLMSWKIWPW-UHFFFAOYSA-N,,
OADMET-0006616,WKSXSTRTSACGEN-UHFFFAOYSA-N,,
OADMET-0006615,KPQLYHAILKEOPQ-UHFFFAOYSA-N,,
OADMET-0006614,FUKVXEGKZLQFNL-UHFFFAOYSA-N,,
OADMET-0006613,SCPRVCRZHVPKLD-UHFFFAOYSA-N,,
OADMET-0006612,GRRXOIMZKROUJB-UHFFFAOYSA-N,,
OADMET-0006611,YKNHSIPXASVCCU-KSMLVUNXSA-N,,
OADMET-0006610,RJWCNWNNABAKHU-UHFFFAOYSA-N,,
OADMET-0006609,JBAZLIIRSZFELZ-UHFFFAOYSA-N,,
OADMET-0006608,TYXAWTYGUIZJQA-UHFFFAOYSA-N,,
OADMET-0006607,KSZUHJDXFNOZAX-UHFFFAOYSA-N,,
OADMET-0006606,MOJVVQSWSMKIAN-UHFFFAOYSA-N,,
OADMET-0006605,VYJHYXGSFJUKHH-UHFFFAOYSA-N,,
OADMET-0006604,YGOZMPQSOVOEFW-UHFFFAOYSA-N,,
OADMET-0006603,WQXJMCFTTNHOKM-UHFFFAOYSA-N,,
OADMET-0006602,CXGASDCRJCPHNM-UHFFFAOYSA-N,,
OADMET-0006601,HZYLYVJGIBASSW-UHFFFAOYSA-N,,
OADMET-0006600,NXOOQLSEMPVQBV-UHFFFAOYSA-N,,
OADMET-0006599,JNMBUNCAVAQQQX-UHFFFAOYSA-N,,
OADMET-0006598,CDLAWHKYLDYWRA-UHFFFAOYSA-N,,
OADMET-0006597,QTPUYZHOAQIFOH-UHFFFAOYSA-N,,
OADMET-0006596,ANBSJISXBRSMBJ-UHFFFAOYSA-N,,
OADMET-0006595,XHMRHVMVFSPYOG-UHFFFAOYSA-N,,
OADMET-0006594,MXUJLCXEOWHBQS-UHFFFAOYSA-N,,
OADMET-0006593,ZTFVHUMBZXGEFS-UHFFFAOYSA-N,,
OADMET-0006592,FHYNURLETVEOII-UHFFFAOYSA-N,,
OADMET-0006591,GAJKRXTTWPIVGD-UHFFFAOYSA-N,,
OADMET-0006590,NSKDYCIRIAJLLX-UHFFFAOYSA-N,,
OADMET-0006589,ABSKUSPPWSRJDC-UHFFFAOYSA-N,,
OADMET-0006588,GPIVGVLJKQYJPJ-UHFFFAOYSA-N,,
OADMET-0006587,FNCBHXBFQJNUKT-UHFFFAOYSA-N,,
OADMET-0006586,WETPMOBOGQDFOY-UHFFFAOYSA-N,,
OADMET-0006585,YBBZRYZPMFGACI-UHFFFAOYSA-N,,
OADMET-0006584,POPXRXRSPIHYIZ-UHFFFAOYSA-N,,
OADMET-0006583,PLIFRKKNLIVGSF-UHFFFAOYSA-N,,
OADMET-0006582,MIHQOVWURRKPCA-UHFFFAOYSA-N,,
OADMET-0006581,XRPWPGQIRUZTNN-UHFFFAOYSA-N,,
OADMET-0006580,SGCOMSXBUQWSBL-UHFFFAOYSA-N,,
OADMET-0006579,BYKZUEOSWYGKMJ-UHFFFAOYSA-N,,
OADMET-0006578,QEPYPTWVHZEDEC-UHFFFAOYSA-N,,
OADMET-0006577,FSJCZEKPLMBFAM-UHFFFAOYSA-N,,
OADMET-0006576,VGKTZOSSNOYRLG-UHFFFAOYSA-N,,
OADMET-0006575,FLPFGAVRHGFMLG-UHFFFAOYSA-N,,
OADMET-0006574,LCUBNOXBRVRFKV-UHFFFAOYSA-N,,
OADMET-0006573,UGDSAPKLACMMRA-UHFFFAOYSA-N,,
OADMET-0006572,RDLVSGOVJOSIHV-UHFFFAOYSA-N,,
OADMET-0006571,XMWBRLZHMKXMQC-UHFFFAOYSA-N,,
OADMET-0006570,OYPCDIDJBDWGBV-UHFFFAOYSA-N,,
OADMET-0006568,UMEQLVRXXFSNPX-UHFFFAOYSA-N,,
OADMET-0006567,WQIQLBAMTRKXTD-UHFFFAOYSA-N,,
OADMET-0006566,ZMWVZMVZBKEKPU-UHFFFAOYSA-N,,
OADMET-0006565,NRZJPDRMSXJXPN-UHFFFAOYSA-N,,
OADMET-0006564,UTRUSDZGXYTFKF-UHFFFAOYSA-N,,
OADMET-0006562,HYYPZIJYXJOXQU-UHFFFAOYSA-N,,
OADMET-0006561,VTTWZHQHBBSLPE-UHFFFAOYSA-N,,
OADMET-0006560,KIFQBAROWBDCDH-UHFFFAOYSA-N,,
OADMET-0006559,QOGJQGMDFNGKRO-UHFFFAOYSA-N,,
OADMET-0006558,FOIRYFMSWXZVCR-UHFFFAOYSA-N,,
OADMET-0006557,MNLLGQAENHHBIN-UHFFFAOYSA-N,,
OADMET-0006556,ICMNNHCJCVVWEO-UHFFFAOYSA-N,,
OADMET-0006555,YCALEJXKPODUPX-UHFFFAOYSA-N,,
OADMET-0006554,JDWLRROGHCDSOZ-UHFFFAOYSA-N,,
OADMET-0006553,ORGGPYVADXNQRI-UHFFFAOYSA-N,,
OADMET-0006552,LMFNMUSDIICHJT-UHFFFAOYSA-N,,
OADMET-0006551,JQKYWTZUSIUQSS-UHFFFAOYSA-N,,
OADMET-0006550,UQRAPFAOZXRVPN-UHFFFAOYSA-N,,
OADMET-0006549,ZMVBMBMWJOKHRU-UHFFFAOYSA-N,,
OADMET-0006548,JHOHCIQEHBJHIY-UHFFFAOYSA-N,,
OADMET-0006547,ABBNLJTZTQVBCG-UHFFFAOYSA-N,,
OADMET-0006546,QNWUVTGQJNNIGN-UHFFFAOYSA-N,,
OADMET-0006545,QEGGWMNIQSHUTK-UHFFFAOYSA-N,,
OADMET-0006544,JHKSVXWGJPSVPH-UHFFFAOYSA-N,,
OADMET-0006543,QTFAXBVQCAYEKF-UHFFFAOYSA-N,,
OADMET-0006542,CGZZWDBHJRTXFY-UHFFFAOYSA-N,,
OADMET-0006541,JQVSAVSOQRGLPR-UHFFFAOYSA-N,,
OADMET-0006540,MYNFOXRYOYFFSJ-UHFFFAOYSA-N,,
OADMET-0006539,BAMCAUBMJPYDDW-UHFFFAOYSA-N,,
OADMET-0006537,ARMHNKPKRVBKDE-UHFFFAOYSA-N,,
OADMET-0006536,ASTDCICFPQKUIL-UHFFFAOYSA-N,,
OADMET-0006535,AVFZTFSYIQABNW-UHFFFAOYSA-N,,
OADMET-0006534,PLDOVZRBVXPFPE-UHFFFAOYSA-N,,
OADMET-0006533,WSTCJDVCOWUQJM-UHFFFAOYSA-N,,
OADMET-0006532,DUKICPCHQPYURE-UHFFFAOYSA-N,,
OADMET-0006531,UMVWNNSJHBRWIX-UHFFFAOYSA-N,,
OADMET-0006530,SPZQDXGBZLHTIG-UHFFFAOYSA-N,,
OADMET-0006529,WJDRVAVVTCEAPY-UHFFFAOYSA-N,,
OADMET-0006528,AZXFYHPPEUAOQX-UHFFFAOYSA-N,,
OADMET-0006526,PANVKWSDVZXEHC-CYBMUJFWSA-N,,
OADMET-0006525,XERTZFVAIHWZLQ-UHFFFAOYSA-N,,
OADMET-0006524,SXDMWIXDSQCASC-UHFFFAOYSA-N,,
OADMET-0006523,XQZLQFCGPSJOGX-UHFFFAOYSA-N,,
OADMET-0006522,CGPCPBSMPYTZMC-UHFFFAOYSA-N,,
OADMET-0006521,GEHSFQFYOCUIAM-UHFFFAOYSA-N,,
OADMET-0006520,LPTBJGZGXGFOPA-UHFFFAOYSA-N,,
OADMET-0006519,MGTAKCACXPHWCG-UHFFFAOYSA-N,,
OADMET-0006518,YUELOPLGXPZEIB-UHFFFAOYSA-N,,
OADMET-0006517,WILYLUAZWYVZGW-LBPRGKRZSA-N,,
OADMET-0006516,AXRJDRPMXHOCCH-UHFFFAOYSA-N,,
OADMET-0006515,AVVYSOUEAQUFBT-UHFFFAOYSA-N,,
OADMET-0006514,ZWQZJLBSHIQICX-UHFFFAOYSA-N,,
OADMET-0006513,KJOQKNQCWTVGHB-UHFFFAOYSA-N,,
OADMET-0006512,ZVLNTDQWUXCSMT-UHFFFAOYSA-N,,
OADMET-0006511,KABBEWDXVKIGSN-UHFFFAOYSA-N,,
OADMET-0006510,IOWRIDUXZXMMQU-UHFFFAOYSA-N,,
OADMET-0006509,KNRNLLFRPUTOJS-UHFFFAOYSA-N,,
OADMET-0006508,JLOUEWPKMPUJBL-UHFFFAOYSA-N,,
OADMET-0006507,HLGONRSHXFEINO-UHFFFAOYSA-N,,
OADMET-0006506,GFCMHQPOHPKLLP-UHFFFAOYSA-N,,
OADMET-0006505,OLRZPWDVYYEKGN-UHFFFAOYSA-N,,
OADMET-0006504,CSAVRAYPCFIKJD-UHFFFAOYSA-N,,
OADMET-0006503,DAQPBQMVTKEWBC-UHFFFAOYSA-N,,
OADMET-0006502,IJNIUNYHEGJPNQ-UHFFFAOYSA-N,,
OADMET-0006501,FBNCMWHMXUYLJC-UHFFFAOYSA-N,,
OADMET-0006500,YSXFALBFZPSVAY-UHFFFAOYSA-N,,
OADMET-0006499,ZHAARJLDFPNKLT-UHFFFAOYSA-N,,
OADMET-0006498,SVHXLBHHDFWNFL-UHFFFAOYSA-N,,
OADMET-0006497,RNTZGPVNVXBBDD-UHFFFAOYSA-N,,
OADMET-0006496,LUMZXSYMMBSXFL-UHFFFAOYSA-N,,
OADMET-0006495,GFEUBPZWGFGNQZ-UHFFFAOYSA-N,,
OADMET-0006494,TZNJQBVUNQARRZ-UHFFFAOYSA-N,,
OADMET-0006493,RUTPHZIFPKYSDE-UHFFFAOYSA-N,,
OADMET-0006492,SFXWSPJNMWPVAR-UHFFFAOYSA-N,,
OADMET-0006491,BUUYZXXQVCAQCR-UHFFFAOYSA-N,,
OADMET-0006490,QOWDANZXWYEGPT-UHFFFAOYSA-N,,
OADMET-0006489,FWDPBSHOGVZHJC-UHFFFAOYSA-N,,
OADMET-0006488,ANKJZMOSISEFKF-UHFFFAOYSA-N,,
OADMET-0006487,FBNSCPOUYQTZQL-UHFFFAOYSA-N,,
OADMET-0006486,XZLVZTVUBFBHAB-UHFFFAOYSA-N,,
OADMET-0006485,XMCDHOWLCPYRIE-UHFFFAOYSA-N,,
OADMET-0006484,OPZVYCKRPQUWGZ-UHFFFAOYSA-N,,
OADMET-0006483,HSWJCCBDYYODGY-UHFFFAOYSA-N,,
OADMET-0006482,UVOMGXSVGIIVLK-UHFFFAOYSA-N,,
OADMET-0006481,AZHXIZBFCJDPTB-UHFFFAOYSA-N,,
OADMET-0006479,SKFXJQFWJSKOKL-UHFFFAOYSA-N,,
OADMET-0006478,JKPGSMSHKWZNAG-UHFFFAOYSA-N,,
OADMET-0006477,UZHURQDNHUMLEL-UHFFFAOYSA-N,,
OADMET-0006476,CLDQXDRBKSWPDM-UHFFFAOYSA-N,,
OADMET-0006475,POCLNLWTOQIVLU-UHFFFAOYSA-N,,
OADMET-0006474,UFGCKAHFKZEZKP-UHFFFAOYSA-N,,
OADMET-0006472,OGNYYNRLKUNZKM-UHFFFAOYSA-N,,
OADMET-0006471,JDZPZNCTSDINLK-UHFFFAOYSA-N,,
OADMET-0006470,ZHIAIEHGKQCKIB-UHFFFAOYSA-N,,
OADMET-0006469,FFEDIEBSLQQKEK-UHFFFAOYSA-N,,
OADMET-0006468,BNKCFMJRVCVWHY-UHFFFAOYSA-N,,
OADMET-0006467,QWFFUICWNHFVHO-UHFFFAOYSA-N,,
OADMET-0006466,IJEYSVPOSBTGJK-UHFFFAOYSA-N,,
OADMET-0006465,LIWVRHHQTXPNEF-UHFFFAOYSA-N,,
OADMET-0006464,QRJMLJSYWLHTTQ-UHFFFAOYSA-N,,
OADMET-0006463,YSUDFDDJOBYGGO-UHFFFAOYSA-N,,
OADMET-0006462,FNIGLKBHRGLAIU-UHFFFAOYSA-N,,
OADMET-0006461,VIWKQQCJCNAQJS-UHFFFAOYSA-N,,
OADMET-0006460,MMXVLSGEADNUOM-UHFFFAOYSA-N,,
OADMET-0006459,UDCKCJBOMZTNLE-UHFFFAOYSA-N,,
OADMET-0006458,ZBNKSKRIHHGFDR-UHFFFAOYSA-N,,
OADMET-0006457,GTGHMFZNRBBBFC-UHFFFAOYSA-N,,
OADMET-0006456,DOHJYNWDMIJJRO-UHFFFAOYSA-N,,
OADMET-0006455,OWLLCDCGNQSWBI-UHFFFAOYSA-N,,
OADMET-0006454,FGCFGDJTBPYORT-UHFFFAOYSA-N,,
OADMET-0006453,VAWUHRUTHFYQRC-UHFFFAOYSA-N,,
OADMET-0006452,SJDBXHGBFBTMPJ-UHFFFAOYSA-N,,
OADMET-0006451,BMMVJXJFLUGSEX-UHFFFAOYSA-N,,
OADMET-0006450,FBTMRCDSAVMBSY-UHFFFAOYSA-N,,
OADMET-0006449,YDVFKKIYGVLNGT-UHFFFAOYSA-N,,
OADMET-0006448,GMPRGCWMJRGDGJ-IBGZPJMESA-N,,
OADMET-0006447,WZLKXPBGVRPIJJ-UHFFFAOYSA-N,,
OADMET-0006446,MGJABRQUUPPNCJ-UHFFFAOYSA-N,,
OADMET-0006445,NJTUJJIKAYUDGD-UHFFFAOYSA-N,,
OADMET-0006443,GMJJDFXZFUOKTF-UHFFFAOYSA-N,,
OADMET-0006442,OIKMQQJMUBHTCG-UHFFFAOYSA-N,,
OADMET-0006441,MTYQXMCXAMUYNH-UHFFFAOYSA-N,,
OADMET-0006440,WQGHBTCSLVOUKD-UHFFFAOYSA-N,,
OADMET-0006439,RQUJRQRACFINJM-UHFFFAOYSA-N,,
OADMET-0006438,RMTBYRORQHCODR-UHFFFAOYSA-N,,
OADMET-0006437,KIHJXTBUJABJMF-UHFFFAOYSA-N,,
OADMET-0006436,VFZPQDCRSHJVJN-UHFFFAOYSA-N,,
OADMET-0006435,ZFLNQKJXJYGVKM-UHFFFAOYSA-N,,
OADMET-0006434,KPQNCOJHCNBSCU-UHFFFAOYSA-N,,
OADMET-0006433,OWDQVZHOEPSCRJ-UHFFFAOYSA-N,,
OADMET-0006432,UBJPKQKUQGHQAR-UHFFFAOYSA-N,,
OADMET-0006431,QBJNBFCCRIXTHF-UHFFFAOYSA-N,,
OADMET-0006430,LPDVNLVHTKBAPW-UHFFFAOYSA-N,,
OADMET-0006429,ZQLCOZWULRSUGR-UHFFFAOYSA-N,,
OADMET-0006428,PNSZESMBEQEHIA-UHFFFAOYSA-N,,
OADMET-0006427,RDBPABDQGOSKOW-UHFFFAOYSA-N,,
OADMET-0006426,WBPMSBCKSBUUHQ-UHFFFAOYSA-N,,
OADMET-0006425,RFCVVICONKLKDS-UHFFFAOYSA-N,,
OADMET-0006424,OYBCLJJKAIHXRC-UHFFFAOYSA-N,,
OADMET-0006423,DSXQSGUWZUCAGL-UHFFFAOYSA-N,,
OADMET-0006422,QXNNIJXFDISYFL-UHFFFAOYSA-N,,
OADMET-0006421,SZQLDCNOSRKNKT-UHFFFAOYSA-N,,
OADMET-0006420,INPVMHGBOBZEPM-UHFFFAOYSA-N,,
OADMET-0006419,KPMIUAWNKQVILX-UHFFFAOYSA-N,,
OADMET-0006418,XHFGLYKXHHCIRB-UHFFFAOYSA-N,,
OADMET-0006417,GAJPAQZXVDIPFZ-UHFFFAOYSA-N,,
OADMET-0006416,QXRGFDPWLBFMTO-UHFFFAOYSA-N,,
OADMET-0006415,WBTVQSWVXWEBLO-UHFFFAOYSA-N,,
OADMET-0006414,LVAIYFMLCDCGBX-UHFFFAOYSA-N,,
OADMET-0006413,GCAMXDNHOWPDQQ-UHFFFAOYSA-N,,
OADMET-0006412,OVAGPSZPAVXQQC-UHFFFAOYSA-N,,
OADMET-0006411,MBFYOEVIVMKESO-UHFFFAOYSA-N,,
OADMET-0006410,VHRRHVUNMHCJBW-UHFFFAOYSA-N,,
OADMET-0006409,OFVYGPTZXPGSJK-UHFFFAOYSA-N,,
OADMET-0006408,XDOGHRXULONTCX-UHFFFAOYSA-N,,
OADMET-0006407,LTSNYNNZVGUBAC-UHFFFAOYSA-N,,
OADMET-0006406,COBJIQXSNFUCNG-UHFFFAOYSA-N,,
OADMET-0006405,ZGPIRWZXAQMHTR-QGZVFWFLSA-N,,
OADMET-0006404,PKEJGXMLQSFXIF-UHFFFAOYSA-N,,
OADMET-0006401,KRSSFSQYSIKVQE-UHFFFAOYSA-N,,
OADMET-0006400,DTWGQURLWJYWCB-UHFFFAOYSA-N,,
OADMET-0006399,SLCOTPVWQGJWIY-UHFFFAOYSA-N,,
OADMET-0006398,JTHXTLLWOUXLBR-UHFFFAOYSA-N,,
OADMET-0006397,KUEHVWZNBQXFKG-UHFFFAOYSA-N,,
OADMET-0006396,ASYSKXKSYXHSST-UHFFFAOYSA-N,,
OADMET-0006395,SDFQMEBBXPQHEL-UHFFFAOYSA-N,,
OADMET-0006394,YXTNAXUFAGFNGO-UHFFFAOYSA-N,,
OADMET-0006393,VBAWRDJFHYDMGH-UHFFFAOYSA-N,,
OADMET-0006392,YGARPOQNDCWWPQ-SFHVURJKSA-N,,
OADMET-0006391,KQOBWZMZCYYAAY-UHFFFAOYSA-N,,
OADMET-0006390,CFBXAUUMXSVUIF-UHFFFAOYSA-N,,
OADMET-0006389,WZBDBQVGUCRFNZ-UHFFFAOYSA-N,,
OADMET-0006388,JBNUTMLKBDTHQR-UHFFFAOYSA-N,,
OADMET-0006386,UINJNLMZILWCOM-UHFFFAOYSA-N,,
OADMET-0006385,MHUOOTATOROKJY-UHFFFAOYSA-N,,
OADMET-0006384,YBCQCDKLRZBYPI-UHFFFAOYSA-N,,
OADMET-0006383,OLGGPIYETWVLSY-UHFFFAOYSA-N,,
OADMET-0006382,VVODWWXDCIEJAJ-NRFANRHFSA-N,,
OADMET-0006381,JVNHATDFFGPPEH-UHFFFAOYSA-N,,
OADMET-0006380,QHBUDYGEBAPFAA-UHFFFAOYSA-N,,
OADMET-0006379,QOBNNYPGTLLCAD-UHFFFAOYSA-N,,
OADMET-0006378,BVIBTKJBXINXTB-UHFFFAOYSA-N,,
OADMET-0006377,MORWPVGUBKMGDD-UHFFFAOYSA-N,,
OADMET-0006375,JFXRKJJBUPVDID-UHFFFAOYSA-N,,
OADMET-0006374,FKDGSNNIFHGRKN-UHFFFAOYSA-N,,
OADMET-0006373,SXXPSQHXVBZGFB-UHFFFAOYSA-N,,
OADMET-0006372,BOOGCALVPLXCGS-UHFFFAOYSA-N,,
OADMET-0006371,RXZZTHJMVRIRJH-UHFFFAOYSA-N,,
OADMET-0006370,BWHLAXKIFCJLKR-UHFFFAOYSA-N,,
OADMET-0006369,LPPOWJNZVPEGCD-UHFFFAOYSA-N,,
OADMET-0006368,FPVJEBYTZBVJCI-UHFFFAOYSA-N,,
OADMET-0006367,BJEFVAXYWDFHHP-UHFFFAOYSA-N,,
OADMET-0006366,WOULMLSTCVMSPN-UHFFFAOYSA-N,,
OADMET-0006365,UMYPCTYAILAMDR-UHFFFAOYSA-N,,
OADMET-0006364,LHVZLEPXLOJWSU-UHFFFAOYSA-N,,
OADMET-0006363,FYLPHAGAZIRQRL-UHFFFAOYSA-N,,
OADMET-0006362,GQYUWLZNMAPXLB-UHFFFAOYSA-N,,
OADMET-0006361,RUNGUEZWZTVFCU-UHFFFAOYSA-N,,
OADMET-0006360,GAIWOBVHIKIOHU-UHFFFAOYSA-N,,
OADMET-0006359,UKXDNQVGUXFCMX-UHFFFAOYSA-N,,
OADMET-0006358,NJZASXAFCYBIIS-UHFFFAOYSA-N,,
OADMET-0006357,BPADRNNGDARJRJ-UHFFFAOYSA-N,,
OADMET-0006356,QOQADRJQKILPJR-UHFFFAOYSA-N,,
OADMET-0006355,OWZIUSPJOOLACL-UHFFFAOYSA-N,,
OADMET-0006354,YDNXXLBAXFAQOE-UHFFFAOYSA-N,,
OADMET-0006353,PVXFLYSBHKVDQJ-UHFFFAOYSA-N,,
OADMET-0006352,QAUKGBKPRCSUTL-UHFFFAOYSA-N,,
OADMET-0006351,ZOLMJFXEDWNUJB-UHFFFAOYSA-N,,
OADMET-0006350,KTQKEHUXYRBZQZ-UHFFFAOYSA-N,,
OADMET-0006349,OHEMXIOBWNASLA-UHFFFAOYSA-N,,
OADMET-0006348,KXEYOSCNJBANRN-NSHDSACASA-N,,
OADMET-0006347,NRYADSRCTBFWRF-JBAPVGOWSA-N,,
OADMET-0006346,QWXPXVPCPNYPHO-UHFFFAOYSA-N,,
OADMET-0006345,IXFFHUDQCVBCGR-UHFFFAOYSA-N,,
OADMET-0006344,MDSCGAYNORUSAZ-UHFFFAOYSA-N,,
OADMET-0006343,KTSRUCFVJJDULY-QGZVFWFLSA-N,,
OADMET-0006342,LVOWMZLLFMGBEG-UHFFFAOYSA-N,,
OADMET-0006341,ZMBUKZLIAFVCFR-UHFFFAOYSA-N,,
OADMET-0006340,OEXSFGZZKMXAJQ-UHFFFAOYSA-N,,
OADMET-0006339,PJIHKGPZPNRFGQ-UHFFFAOYSA-N,,
OADMET-0006338,GODHPEISNMRQSM-UHFFFAOYSA-N,,
OADMET-0006337,XSENVZWZQDNJHN-UHFFFAOYSA-N,,
OADMET-0006336,URXVOZINLDYRAI-UHFFFAOYSA-N,,
OADMET-0006335,SHWLLIJABCWDCS-UHFFFAOYSA-N,,
OADMET-0006334,VVDJWVOWFMXLDK-UHFFFAOYSA-N,,
OADMET-0006333,NQJQAEVWJGSOGU-UHFFFAOYSA-N,,
OADMET-0006332,PARDZBRNWRKBKB-UHFFFAOYSA-N,,
OADMET-0006331,YIEREMIFPPSLAV-UHFFFAOYSA-N,,
OADMET-0006330,ZRRNUBZIEDZZSL-UHFFFAOYSA-N,,
OADMET-0006329,UWJNFPGTVMJANB-UHFFFAOYSA-N,,
OADMET-0006328,HODJUJRIJNKYPU-UHFFFAOYSA-N,,
OADMET-0006327,QJNOJQSWZVKKDN-UHFFFAOYSA-N,,
OADMET-0006326,KIJYYOINJCKHJF-JGKCFBKVSA-N,,
OADMET-0006325,JQIMSLHFGGIYBB-UHFFFAOYSA-N,,
OADMET-0006324,AENNRDYULBOVRM-UHFFFAOYSA-N,,
OADMET-0006323,DWLVFWAJLJNQFW-UHFFFAOYSA-N,,
OADMET-0006322,JDULGAIJOJJFGG-UHFFFAOYSA-N,,
OADMET-0006321,FXQKJJSIQNYRBJ-UHFFFAOYSA-N,,
OADMET-0006320,ZDFFDMZFFSSVFR-UHFFFAOYSA-N,,
OADMET-0006319,FQOWCVFDUZFHLA-UHFFFAOYSA-N,,
OADMET-0006318,AATKRDLDTAZTJL-UHFFFAOYSA-N,,
OADMET-0006317,MNOQZPJJKNSAQL-UHFFFAOYSA-N,,
OADMET-0006316,ZEFQTTZQITUPDD-UHFFFAOYSA-N,,
OADMET-0006315,HWCUEKLVUOSNQX-UHFFFAOYSA-N,,
OADMET-0006314,PEZCWYOLOOOVQM-UHFFFAOYSA-N,,
OADMET-0006313,LORROHMPLWAYJF-UHFFFAOYSA-N,,
OADMET-0006312,YMJXJZOKKOMEOS-UHFFFAOYSA-N,,
OADMET-0006311,DDLPNKVNROYJQL-UHFFFAOYSA-N,,
OADMET-0006310,PQVBRMBLROECLW-UHFFFAOYSA-N,,
OADMET-0006309,CMJHYIYEZVPEKX-UHFFFAOYSA-N,,
OADMET-0006308,CRMFSWNFDRJFJV-UHFFFAOYSA-N,,
OADMET-0006307,NMVHDBFXWRCWPL-UHFFFAOYSA-N,,
OADMET-0006306,LNYDBAPUCWZEDQ-UHFFFAOYSA-N,,
OADMET-0006305,UTGNHLMDABULJW-UHFFFAOYSA-N,,
OADMET-0006304,ANRHTVMIRJPCOS-HOCLYGCPSA-N,,
OADMET-0006303,PKNCAOVUKGGXJT-UHFFFAOYSA-N,,
OADMET-0006302,BPCSOHCDBKSLSO-LBPRGKRZSA-N,,
OADMET-0006301,FYXATUVRXCBDOZ-UHFFFAOYSA-N,,
OADMET-0006300,SKVPEFVDACTIOY-UHFFFAOYSA-N,,
OADMET-0006299,ANKYSPAPZXZRKL-UHFFFAOYSA-N,,
OADMET-0006298,BSZKLZWMMFZEPX-UHFFFAOYSA-N,,
OADMET-0006297,QTKPJMXSICIVQQ-UHFFFAOYSA-N,,
OADMET-0006296,GORNZHRCDSHATR-UHFFFAOYSA-N,,
OADMET-0006295,GVMJETQWQFZAOL-UHFFFAOYSA-N,,
OADMET-0006294,BMUNXZSNIATDEL-UHFFFAOYSA-N,,
OADMET-0006293,SCSDUOORQIDAPE-UHFFFAOYSA-N,,
OADMET-0006292,HRIJOSOSAQLPFO-UHFFFAOYSA-N,,
OADMET-0006291,KKEQDJYMTTVTJY-UHFFFAOYSA-N,,
OADMET-0006290,IELNOOSLYDYAIF-UHFFFAOYSA-N,,
OADMET-0006289,ZAWLZKHAQFWKAY-UHFFFAOYSA-N,,
OADMET-0006288,DYQMZWJGNHQRSM-UHFFFAOYSA-N,,
OADMET-0006287,BLLDJUUCAMPQMW-UHFFFAOYSA-N,,
OADMET-0006286,UYBHEJVKQXAYTI-UHFFFAOYSA-N,,
OADMET-0006285,NOPXPKAQTBKIIK-UHFFFAOYSA-N,,
OADMET-0006284,RVBYSOSSNDRWFO-UHFFFAOYSA-N,,
OADMET-0006283,ZYAQFWGVXVEIGY-UHFFFAOYSA-N,,
OADMET-0006282,AUMILXDYXNJZGO-UHFFFAOYSA-N,,
OADMET-0006281,BLNJIJIHMCVGGR-UHFFFAOYSA-N,,
OADMET-0006280,GPMBXOSHPXJMSI-UHFFFAOYSA-N,,
OADMET-0006279,ZTGUQSSHLSRSEG-UHFFFAOYSA-N,,
OADMET-0006278,LXMYLFHFPIIOGC-UHFFFAOYSA-N,,
OADMET-0006277,SCJSDZLVHPJNSV-UHFFFAOYSA-N,,
OADMET-0006276,OXLGYDLAQVKNCK-UONOGXRCSA-N,,
OADMET-0006275,FPGLWHHAKABDQO-UHFFFAOYSA-N,,
OADMET-0006274,SUWDPUGCBJMRIM-UHFFFAOYSA-N,,
OADMET-0006273,CMOXMEILBPKQHC-UHFFFAOYSA-N,,
OADMET-0006272,MZOCERLDUKGVLV-UHFFFAOYSA-N,,
OADMET-0006271,IVQJENGSTOXPMW-UHFFFAOYSA-N,,
OADMET-0006270,DMZMESXZSXERBS-UHFFFAOYSA-N,,
OADMET-0006269,CQSWJAWKJQTGDN-UHFFFAOYSA-N,,
OADMET-0006268,XYHDZVFDRHTQDJ-UHFFFAOYSA-N,,
OADMET-0006267,ATIMUHARSAHFAK-UHFFFAOYSA-N,,
OADMET-0006266,DNATURMYSDGZGK-CYBMUJFWSA-N,,
OADMET-0006265,CNMLKICHDRHLEI-UHFFFAOYSA-N,,
OADMET-0006264,ICZFYMYWWTWOKP-UHFFFAOYSA-N,,
OADMET-0006263,CDBUNSVKISKPRX-UHFFFAOYSA-N,,
OADMET-0006262,PEVSJIALOQACCU-UHFFFAOYSA-N,,
OADMET-0006260,NBPSWOWTAKNVRB-UHFFFAOYSA-N,,
OADMET-0006259,IDWNJRGRWCPMRW-UHFFFAOYSA-N,,
OADMET-0006258,LBDZFZHERWVMSY-UHFFFAOYSA-N,,
OADMET-0006257,TYZSFHHKSSQPJU-UHFFFAOYSA-N,,
OADMET-0006256,STPVSAJYHZTWPV-UHFFFAOYSA-N,,
OADMET-0006255,PHDCPFQMZFUTAS-UHFFFAOYSA-N,,
OADMET-0006254,LCTAZAPCJHRNLF-UHFFFAOYSA-N,,
OADMET-0006252,GLIVBFQFNSHUBO-UHFFFAOYSA-N,,
OADMET-0006251,LLFSEGPDTIYSQU-UHFFFAOYSA-N,,
OADMET-0006250,ACNPWTRMUDDYPP-UHFFFAOYSA-N,,
OADMET-0006249,MKSMCTOLENWCGA-UHFFFAOYSA-N,,
OADMET-0006248,IGLAYFYNQOQSQV-UHFFFAOYSA-N,,
OADMET-0006247,WEZDLCWMGMEVOS-UHFFFAOYSA-N,,
OADMET-0006246,YZZRKGPDASBVGM-UHFFFAOYSA-N,,
OADMET-0006245,RSYRQOFGAIHZDA-UHFFFAOYSA-N,,
OADMET-0006244,DCOAWIYXHYJILR-UHFFFAOYSA-N,,
OADMET-0006243,ZJLLBTBHUADMQS-UHFFFAOYSA-N,,
OADMET-0006242,GPOMWJIXDFQRTL-UHFFFAOYSA-N,,
OADMET-0006241,ZVRYWGQLYCRLGV-UHFFFAOYSA-N,,
OADMET-0006240,FRYGVKUTJMGBIE-UHFFFAOYSA-N,,
OADMET-0006239,VUXQAKRWVNTGDG-UHFFFAOYSA-N,,
OADMET-0006238,ICIVPGDLVGXUGV-ZDUSSCGKSA-N,,
OADMET-0006237,IDRBFVDPCUUZRD-UHFFFAOYSA-N,,
OADMET-0006236,FSDPMVRINSSCJT-UHFFFAOYSA-N,,
OADMET-0006235,WGZYAWPDCLTPSI-UHFFFAOYSA-N,,
OADMET-0006234,BMZLZQHDDRYCEU-UHFFFAOYSA-N,,
OADMET-0006233,FVXLSWCXTDUJFQ-UHFFFAOYSA-N,,
OADMET-0006232,GUVDEBQYZLFNCP-UHFFFAOYSA-N,,
OADMET-0006231,KQEICCLPAAAHRO-UHFFFAOYSA-N,,
OADMET-0006230,MOHFBXPYGOQCSP-UHFFFAOYSA-N,,
OADMET-0006229,UHGUQOAWTHGSAI-UHFFFAOYSA-N,,
OADMET-0006228,NDHHNNVKKGDRRL-UHFFFAOYSA-N,,
OADMET-0006227,ZBWYNVDXWISWEV-UHFFFAOYSA-N,,
OADMET-0006226,AFHWFGZHRNYYSU-UHFFFAOYSA-N,,
OADMET-0006225,WWLISLZNGXQQLF-UHFFFAOYSA-N,,
OADMET-0006224,CBLVEVRERGRBQK-UHFFFAOYSA-N,,
OADMET-0006222,MUXQTGKIVRSWAN-UHFFFAOYSA-N,,
OADMET-0006220,PIEUKHQZMGTCEY-UHFFFAOYSA-N,,
OADMET-0006219,YICSFNCAIRPWQX-UHFFFAOYSA-N,,
OADMET-0006218,OPVZHLFVZBTKCV-UHFFFAOYSA-N,,
OADMET-0006217,DWOHXLUDTPAGGR-UHFFFAOYSA-N,,
OADMET-0006216,QBTKYQSQDNYSJW-UHFFFAOYSA-N,,
OADMET-0006215,TUOZOGICBZYBJG-UHFFFAOYSA-N,,
OADMET-0006214,MDZJZRZSDPJNQV-UHFFFAOYSA-N,,
OADMET-0006213,GKBSFXJAHNHBDN-HWWDLCQESA-N,,
OADMET-0006212,JBGUJZDWPHNSHD-UHFFFAOYSA-N,,
OADMET-0006211,IKTGMHKSMCGXAG-UHFFFAOYSA-N,,
OADMET-0006210,SIYDVVCGLDGNGG-UHFFFAOYSA-N,,
OADMET-0006209,HKBFGOGEJIHOQC-UHFFFAOYSA-N,,
OADMET-0006208,UXTJYBXFNHLFDQ-UHFFFAOYSA-N,,
OADMET-0006207,RQYOVAVOOOTQGF-UHFFFAOYSA-N,,
OADMET-0006206,CFQJCJLLMWDACS-UHFFFAOYSA-N,,
OADMET-0006205,MNUGCIKLGXBMPT-UHFFFAOYSA-N,,
OADMET-0006204,SRQOTCAYYLJUGZ-UHFFFAOYSA-N,,
OADMET-0006203,WDPCVDLHFFVZIC-UHFFFAOYSA-N,,
OADMET-0006202,DEFBGBDDASRAKK-UHFFFAOYSA-N,,
OADMET-0006201,KNKFHOOEOAGPDF-UHFFFAOYSA-N,,
OADMET-0006200,IESKIIPQTZZPPE-UHFFFAOYSA-N,,
OADMET-0006199,PLOIOJAYZIAGDF-UHFFFAOYSA-N,,
OADMET-0006198,IODIDYHIBDZVLN-UHFFFAOYSA-N,,
OADMET-0006197,KGQGNVXQLYFAOR-UHFFFAOYSA-N,,
OADMET-0006196,GEACKMSWHYXGRM-UHFFFAOYSA-N,,
OADMET-0006195,DHOGCLBDWIPOBU-UHFFFAOYSA-N,,
OADMET-0006194,ORTWNJZUAIUYKM-UHFFFAOYSA-N,,
OADMET-0006193,XLKNKPMYYYSUSJ-UHFFFAOYSA-N,,
OADMET-0006192,XXIDEZIPVPUJRR-UHFFFAOYSA-N,,
OADMET-0006191,WJHKKYKGFBADPM-UHFFFAOYSA-N,,
OADMET-0006190,MSQIFYQUJDQLAO-MRXNPFEDSA-N,,
OADMET-0006189,NVPWMPMUEXSPEG-UHFFFAOYSA-N,,
OADMET-0006188,UIDFVDUTWBJQGU-UHFFFAOYSA-N,,
OADMET-0006187,WAPOLFBEWYTOES-UHFFFAOYSA-N,,
OADMET-0006186,JOKZJYZBNKHSEY-UHFFFAOYSA-N,,
OADMET-0006185,OZVHDAZEKXGBCT-UHFFFAOYSA-N,,
OADMET-0006184,ZKVBPVMPLWRDBP-UHFFFAOYSA-N,,
OADMET-0006183,FAIRUKOBKBQTAQ-UHFFFAOYSA-N,,
OADMET-0006182,ZHBQDFNQECZKOW-UHFFFAOYSA-N,,
OADMET-0006181,QCADNHVJUJASRH-UHFFFAOYSA-N,,
OADMET-0006180,MPFAPLWWRCZTHK-UHFFFAOYSA-N,,
OADMET-0006179,DUVHSXWVUOPIDL-UHFFFAOYSA-N,,
OADMET-0006178,RTTDKCZBPZAHKL-UHFFFAOYSA-N,,
OADMET-0006177,NFHCGUNMCRWVSN-UHFFFAOYSA-N,,
OADMET-0006176,LRKSEMHGCUKHSP-UHFFFAOYSA-N,,
OADMET-0006175,SUXZXUQWAVHMNL-UHFFFAOYSA-N,,
OADMET-0006174,BJTBDZVOSPIJGS-UHFFFAOYSA-N,,
OADMET-0006173,NIQQBBWZBFEUGO-UHFFFAOYSA-N,,
OADMET-0006172,ZAPVJORONMBPNV-UHFFFAOYSA-N,,
OADMET-0006171,JYISCUZKHOGWER-UHFFFAOYSA-N,,
OADMET-0006170,QQUZBGKHYDCYFR-UHFFFAOYSA-N,,
OADMET-0006169,GSHXGZNJTRBRCF-UHFFFAOYSA-N,,
OADMET-0006168,FQHFKBXLGTXQFY-UHFFFAOYSA-N,,
OADMET-0006167,YRMMBKQHNCTVGH-UHFFFAOYSA-N,,
OADMET-0006166,FKTCCFIFDHWPQA-UHFFFAOYSA-N,,
OADMET-0006165,VFOKDQSYBFQYDW-UHFFFAOYSA-N,,
OADMET-0006164,FWNABGWQKRVEAI-UHFFFAOYSA-N,,
OADMET-0006163,OGNSXHQCDMZUIF-UHFFFAOYSA-N,,
OADMET-0006162,CAHXBHWTWVDXQQ-UHFFFAOYSA-N,,
OADMET-0006161,CDCPVGQGAVUCBZ-UHFFFAOYSA-N,,
OADMET-0006160,OENNRUNZZPQSEX-UHFFFAOYSA-N,,
OADMET-0006158,LGCUCBFUBNZFJW-UHFFFAOYSA-N,,
OADMET-0006157,IJMPYRIYNFZQNN-UHFFFAOYSA-N,,
OADMET-0006156,ZHFWOANMAIXAJU-UHFFFAOYSA-N,,
OADMET-0006155,XNAJDXNGXZSOOT-UHFFFAOYSA-N,,
OADMET-0006153,VMKJVPDESMHPJU-LJQANCHMSA-N,,
OADMET-0006152,VTFLDUPQAXQKEL-UHFFFAOYSA-N,,
OADMET-0006151,DKNBJTLEPDZEBN-UHFFFAOYSA-N,,
OADMET-0006150,VMKFDGZZTLOMLG-UHFFFAOYSA-N,,
OADMET-0006149,FWGOMKHOFNHOSZ-UHFFFAOYSA-N,,
OADMET-0006148,JBNAORDNZOJTQQ-UHFFFAOYSA-N,,
OADMET-0006147,BBDGGEDHOSSLBQ-UHFFFAOYSA-N,,
OADMET-0006146,WVOZCIQIUNFGBG-UHFFFAOYSA-N,,
OADMET-0006145,PBZGCLVVCQILOX-UHFFFAOYSA-N,,
OADMET-0006144,CBBVJVXJZQMXGN-UHFFFAOYSA-N,,
OADMET-0006142,ADOOOKDJTDHGHX-UHFFFAOYSA-N,,
OADMET-0006141,PVCAHDNVFNPUKE-UHFFFAOYSA-N,,
OADMET-0006140,YNWBTLPCUJWQIQ-UHFFFAOYSA-N,,
OADMET-0006139,RJECDYXFFUGFPD-UHFFFAOYSA-N,,
OADMET-0006138,YKAIARMMHPODFN-UHFFFAOYSA-N,,
OADMET-0006137,DUBHZLUWBVLGOC-UHFFFAOYSA-N,,
OADMET-0006136,MTBSWHRYDICOJO-UHFFFAOYSA-N,,
OADMET-0006135,XPWTVFAVHOTZIJ-UHFFFAOYSA-N,,
OADMET-0006134,LRZNQHDMLARWJV-UHFFFAOYSA-N,,
OADMET-0006133,YFEAWONHDZRTON-UHFFFAOYSA-N,,
OADMET-0006132,QMZQXJFEYSUTKR-UHFFFAOYSA-N,,
OADMET-0006131,ZSSBSJSLBNTTKF-UHFFFAOYSA-N,,
OADMET-0006130,KODDDKNMFUECDZ-UHFFFAOYSA-N,,
OADMET-0006129,JJJSJEMEGGMYHA-UHFFFAOYSA-N,,
OADMET-0006128,RJUPONDGJKOQKB-UHFFFAOYSA-N,,
OADMET-0006127,TXJZXCYMSCFYJB-UHFFFAOYSA-N,,
OADMET-0006126,WAHYSPDEZQDNBT-UHFFFAOYSA-N,,
OADMET-0006125,FISDQJFPYPYHLF-UHFFFAOYSA-N,,
OADMET-0006124,RXNDJKIHSSKQMU-UHFFFAOYSA-N,,
OADMET-0006123,CBLVEVRERGRBQK-LBPRGKRZSA-N,,
OADMET-0006122,LEMCARVFRFAHQA-UHFFFAOYSA-N,,
OADMET-0006121,YAPINTZWRKUNKN-UHFFFAOYSA-N,,
OADMET-0006120,CGBHNLJDUUMWDQ-UHFFFAOYSA-N,,
OADMET-0006119,FYTQJFADWIUEBH-UHFFFAOYSA-N,,
OADMET-0006118,UUFANUQZEIXAIL-UHFFFAOYSA-N,,
OADMET-0006117,SCBUMNWYMYTYCN-UHFFFAOYSA-N,,
OADMET-0006116,NPUQZCISJDJSQS-UHFFFAOYSA-N,,
OADMET-0006115,GYYNPFCNLDIGOK-UHFFFAOYSA-N,,
OADMET-0006114,PYTABQYAEROVHF-SFHVURJKSA-N,,
OADMET-0006113,HDIMKPWVHPWVCB-UHFFFAOYSA-N,,
OADMET-0006112,IWNSTNXWQIPLHG-UHFFFAOYSA-N,,
OADMET-0006111,XOXUUFNTCJYHHW-UHFFFAOYSA-N,,
OADMET-0006110,VFJFLAJSQCREME-SFHVURJKSA-N,,
OADMET-0006109,BGJFRMNKWBUDET-UHFFFAOYSA-N,,
OADMET-0006108,UDVCSWPMFIKVAP-UHFFFAOYSA-N,,
OADMET-0006107,CPHWCYYMYISQSY-UHFFFAOYSA-N,,
OADMET-0006106,YBQQMUIXBUOUOC-UHFFFAOYSA-N,,
OADMET-0006105,RJJZTKVXXCCXQF-UHFFFAOYSA-N,,
OADMET-0006104,LOEFSXOPDVXMHN-UHFFFAOYSA-N,,
OADMET-0006103,YYPUSKSRHZZVBY-UHFFFAOYSA-N,,
OADMET-0006102,YQABWLDXYKWUOR-UHFFFAOYSA-N,,
OADMET-0006101,AVTCWHYPQDBLCG-UHFFFAOYSA-N,,
OADMET-0006100,OSWKQOGJYLYDJV-UHFFFAOYSA-N,,
OADMET-0006099,RHIWXUBXXYCMOO-UHFFFAOYSA-N,,
OADMET-0006098,VKLDISFNRAPLRT-UHFFFAOYSA-N,,
OADMET-0006097,JWGGVPCDAXNDKK-UHFFFAOYSA-N,,
OADMET-0006096,DEHABOCJTSWPJS-UHFFFAOYSA-N,,
OADMET-0006095,UMJJMALOVZJHOM-UHFFFAOYSA-N,,
OADMET-0006094,LKQMNGJUSABYFJ-UHFFFAOYSA-N,,
OADMET-0006093,NGUMOZNITYCJGF-UHFFFAOYSA-N,,
OADMET-0006092,ZCAXGDJOGFCONB-UHFFFAOYSA-N,,
OADMET-0006091,BOXQIGRGNPZXFX-UHFFFAOYSA-N,,
OADMET-0006090,RGCZGDQEMAHFBB-UHFFFAOYSA-N,,
OADMET-0004676,LAQWXSZWFLYJOE-UHFFFAOYSA-N,,
OADMET-0004675,PIXMJBOEBUQEEW-UHFFFAOYSA-N,,
OADMET-0004674,RLMUFLVAROGUMJ-UHFFFAOYSA-N,,
