name,is_unblind,truth_if_unblind,group_label,scaf_train_freq,nn_sim_train,best_pred_nb390,logp,fsp3,mw,tpsa,formal_charge,num_aromatic_rings,sa_score,qed,chemprop_disagreement_std,nn_sim_train,classifier_score,predicted_class,used_in_training
OADMET-0006615,True,5.335,F2_gate_active,0,0.5217391,5.455008513959555,3.187000000000002,0.7142857142857143,359.51400000000007,56.67,0,1,3.5035644774562247,0.881020137003388,0.5770752959314036,0.5217391,0.9796886411154819,F2_gate_active,True
OADMET-0006613,False,,,0,0.5441176,4.659009445736938,2.6207400000000014,0.5882352941176471,315.421,55.95,0,2,3.029766641970115,0.8746587612539317,0.137253806791127,0.5441176,0.9576162090283076,F2_gate_active,False
OADMET-0006612,True,4.28,mid,0,0.5873016,4.851607340655817,2.872600000000001,0.125,279.299,62.13,0,3,2.335583074526463,0.7842233115857632,0.1848021354123088,0.5873016,0.7139014919603212,F2_gate_active,False
OADMET-0006608,False,,,0,0.47540984,4.617918029517816,2.5654000000000003,0.3888888888888889,325.41600000000005,61.36000000000001,0,2,2.2851097270669403,0.9216879537828967,0.4648302401441184,0.47540984,0.9930962978726013,F2_gate_active,False
OADMET-0006605,False,,,0,0.5106383,5.516622639409022,3.4073600000000024,0.5294117647058824,336.45700000000005,73.06,0,2,2.7154219923937575,0.8552484650653968,0.0566134257361264,0.5106383,0.5734389931664329,uncertain,False
OADMET-0006600,True,3.99,mid,0,0.5625,4.360121896813995,1.1723999999999997,0.45454545454545453,283.35699999999997,81.81,0,2,3.0021883100403546,0.9164718333279639,0.619535548508951,0.5625,0.016707865409556336,F2_dead,False
OADMET-0006596,True,4.89,mid,0,0.5625,5.199184292530691,2.6221000000000005,0.6111111111111112,300.402,52.57000000000001,0,1,4.403810591922854,0.8380634644966132,0.2931804640539275,0.5625,0.824713464098273,F2_gate_active,False
OADMET-0006594,False,,,0,0.5967742,5.475047654859397,4.067900000000003,0.2222222222222222,388.2400000000002,38.13,0,3,2.5940031659809684,0.6305881455693136,0.3811869053159323,0.5967742,0.9790715599307181,F2_gate_active,False
OADMET-0006593,True,4.46,mid,0,0.43661973,4.801483404157429,2.0247,0.5,308.38500000000005,61.88,0,2,4.409454641840507,0.9230956033638961,0.377594617403829,0.43661973,0.8881291782549815,F2_gate_active,False
OADMET-0006590,False,,,0,0.515625,5.4686547165415655,4.174800000000004,0.2631578947368421,384.27700000000004,38.13,0,3,2.994279992556436,0.63162250156,0.231653224635698,0.515625,0.9422813103483849,F2_gate_active,False
OADMET-0006589,True,3.42,,0,0.50877196,4.171539169435871,1.56344,0.5384615384615384,258.329,59.730000000000004,0,2,3.125987911879773,0.8178587520792564,0.6891054287209979,0.50877196,0.04427899924574518,F2_dead,True
OADMET-0006588,False,,,0,0.52112675,5.381587148352312,3.480220000000002,0.23809523809523808,399.87800000000004,76.38000000000001,0,3,2.7550419765287675,0.6649294184710175,0.1369150541245793,0.52112675,0.9192297426303349,F2_gate_active,False
OADMET-0006587,True,5.31,F2_gate_active,0,0.54545456,5.076888929044669,2.08964,0.5333333333333333,295.40399999999994,54.45,0,1,1.9843146765103175,0.8577388970606312,0.4526406926520631,0.54545456,0.9397923514818922,F2_gate_active,True
OADMET-0006586,False,,,0,0.57746476,5.158696869771709,2.4412200000000004,0.4444444444444444,361.46700000000016,65.38000000000001,0,2,3.1957222377568906,0.8860916546744683,0.0907911138468326,0.57746476,0.966619930156383,F2_gate_active,False
OADMET-0006584,False,,,0,0.49315068,5.240372608690226,2.8767200000000015,0.47368421052631576,343.42700000000013,65.38000000000001,0,2,2.8152384829201775,0.9269692607015838,0.164838044710351,0.49315068,0.7927924555205677,F2_gate_active,False
OADMET-0006583,False,,,0,0.4923077,5.425307712774705,3.187400000000002,0.47619047619047616,368.4810000000001,78.08999999999999,0,2,3.3533539558343035,0.8506992186748632,0.1747118593961195,0.4923077,0.841855375828468,F2_gate_active,False
OADMET-0006582,True,4.67,mid,0,0.516129,4.556490316058315,2.8377000000000017,0.2777777777777778,314.36,41.57000000000001,0,2,2.425939973629129,0.943354647958227,0.2489822467913168,0.516129,0.949088783616977,F2_gate_active,False
OADMET-0006581,True,5.395,F2_gate_active,0,0.5555556,5.573786186988538,3.9729000000000028,0.42105263157894735,393.41300000000007,61.36000000000001,0,2,2.3361081363786393,0.8571976131723261,0.1839347040029188,0.5555556,0.9807295144336724,F2_gate_active,True
OADMET-0006579,True,5.15,F2_gate_active,0,0.5070422,5.185550782255901,3.715600000000003,0.375,356.369,44.120000000000005,0,2,2.9106045605916258,0.47584150488410465,0.3388914271667325,0.5070422,0.9444918464862356,F2_gate_active,True
OADMET-0006578,True,4.890000000000001,mid,0,0.49019608,5.078530166365207,2.7171400000000014,0.2857142857142857,279.36100000000005,50.52,0,2,1.982229712755288,0.8643258820086972,0.5219426922368006,0.49019608,0.9893174618337486,F2_gate_active,False
OADMET-0006575,False,,,0,0.5441176,5.240809440659543,4.291300000000004,0.32,402.494,43.7,0,3,2.982374681019003,0.6394429016615851,0.1862332672574934,0.5441176,0.9320011481222737,F2_gate_active,False
OADMET-0006574,True,5.405,F2_gate_active,0,0.49056605,5.587444224969848,3.1697000000000015,0.42857142857142855,387.50100000000026,55.84,0,2,3.139589276552101,0.7907817556034561,0.1137066344044333,0.49056605,0.9680570492443196,F2_gate_active,True
OADMET-0006573,True,4.775,mid,0,0.43283582,4.58400126372004,3.426700000000002,0.47368421052631576,325.4120000000002,56.27000000000001,0,2,3.127471302861707,0.8450578227827511,0.2181738592307023,0.43283582,0.9744267372346734,F2_gate_active,False
OADMET-0006572,False,,,0,0.54545456,4.1685430751842185,3.0096000000000007,0.2631578947368421,341.36300000000006,87.07000000000001,0,2,2.7508162851179794,0.8925143209503279,0.220687410269423,0.54545456,0.9327650950800942,F2_gate_active,False
OADMET-0006571,False,,,0,0.42028984,4.938802715678548,2.41702,0.4117647058823529,348.4240000000001,87.57000000000001,0,2,3.2780510447906703,0.9166421190488908,0.5024150253348875,0.42028984,0.9767271685818526,F2_gate_active,False
OADMET-0006570,True,4.84,mid,0,0.4920635,5.154316055072563,2.854400000000001,0.5882352941176471,354.47200000000015,75.71000000000001,0,1,2.006620969670493,0.7787476572094016,0.325987192522038,0.4920635,0.9791791069504872,F2_gate_active,False
OADMET-0006568,True,5.105,F2_gate_active,0,0.5205479,5.063249219904662,2.0585999999999993,0.631578947368421,344.4590000000002,65.54,0,1,3.2333736235349617,0.9079078357042498,0.3688016286771262,0.5205479,0.9957623215699619,F2_gate_active,True
OADMET-0006567,True,4.835,mid,0,0.48214287,4.969472672883855,2.5897000000000006,0.5333333333333333,364.38900000000024,75.27,0,1,2.046710426367641,0.8432870615211454,0.2452176330217426,0.48214287,0.9608341484081382,F2_gate_active,False
OADMET-0006565,True,4.975,mid,0,0.46575344,5.03825045363018,2.6152000000000006,0.6666666666666666,317.43300000000005,54.46000000000001,0,1,3.419377486609342,0.9309127921985326,0.2600028712316293,0.46575344,0.9813541068215047,F2_gate_active,False
OADMET-0006564,True,5.13,F2_gate_active,0,0.537037,5.206862277279737,2.715740000000001,0.35714285714285715,329.37200000000007,55.2,0,2,2.4663429139012276,0.8473770874853195,0.1595529969417614,0.537037,0.9900354948039636,F2_gate_active,True
OADMET-0006562,False,,,0,0.5409836,5.125180159236156,2.6130000000000004,0.3076923076923077,343.86100000000005,55.2,0,2,2.8379716517229134,0.8604073706809695,0.407522466291444,0.5409836,0.9846677321895086,F2_gate_active,False
OADMET-0006561,True,5.305,F2_gate_active,0,0.45588234,5.281594542448698,3.0135000000000014,0.631578947368421,398.5250000000003,84.94000000000001,0,1,2.1810379618380225,0.6911053120874562,0.2872018619966038,0.45588234,0.9807356029145918,F2_gate_active,True
OADMET-0006560,False,,,0,0.5614035,4.812763039594635,2.3223000000000003,0.5,321.406,89.77,0,2,2.7064830040972243,0.912489239550442,0.1618361831774427,0.5614035,0.3048373010707154,uncertain,False
OADMET-0006559,True,4.245,mid,0,0.5,4.872663932031735,2.5928000000000004,0.09090909090909091,334.184,81.17999999999999,0,2,2.237774816370459,0.9294070951500919,0.4453822796857942,0.5,0.9747742037387971,F2_gate_active,False
OADMET-0006558,False,,,0,0.5409836,5.0712280048577885,2.5764400000000007,0.4,337.47,55.2,0,2,2.9782262575650673,0.8648566689987656,0.3118559500066388,0.5409836,0.8940892380367846,F2_gate_active,False
OADMET-0006556,False,,,0,0.5285714,4.817958383720517,3.129220000000002,0.5882352941176471,316.40500000000003,64.16,0,2,3.2378324296920082,0.8690457785710372,0.1106240101800185,0.5285714,0.9481130257601894,F2_gate_active,False
OADMET-0006555,True,5.335,F2_gate_active,0,0.49019608,5.331459838185692,3.185640000000002,0.2857142857142857,295.42900000000003,37.38,0,2,2.072709002696115,0.8684623994236988,0.3365490436729508,0.49019608,0.9704809640264912,F2_gate_active,True
OADMET-0006554,False,,,0,0.43283582,5.735421874923632,2.0563000000000002,0.5882352941176471,332.42500000000007,70.4,0,1,4.307233571581955,0.8309866317176877,0.3962860832746375,0.43283582,0.9782119648032003,F2_gate_active,False
OADMET-0006551,False,,,0,0.51666665,5.009851776553905,3.2281000000000013,0.3,337.42299999999994,75.42999999999999,0,2,1.9418377746381807,0.9020664362252732,0.250561787513524,0.51666665,0.9446526391251449,F2_gate_active,False
OADMET-0006550,False,,,0,0.5072464,5.634029107341871,2.844400000000001,0.3157894736842105,374.46200000000005,86.71000000000001,0,2,2.8611460219214813,0.8615134365925219,0.1607788755822692,0.5072464,0.7301068577356956,F2_gate_active,False
OADMET-0006549,False,,,0,0.5692308,5.13633253454625,3.713820000000002,0.2,393.4720000000001,81.41,0,4,2.647270038658945,0.41114002370691227,0.3800154653204226,0.5692308,0.9665793528413713,F2_gate_active,False
OADMET-0006548,True,4.065,mid,0,0.47619048,4.649076296243585,2.4141000000000004,0.46153846153846156,287.26199999999994,56.790000000000006,0,1,2.5203669432338742,0.9032429911260793,0.2436848261337381,0.47619048,0.7647849400529249,F2_gate_active,False
OADMET-0006547,True,4.925000000000001,mid,0,0.5322581,5.0495553055850255,2.1446999999999994,0.3125,295.34599999999995,57.760000000000005,0,3,2.5792596885477046,0.7397462983602953,0.5310707280041355,0.5322581,0.8763084690658776,F2_gate_active,False
OADMET-0006539,True,5.390000000000001,F2_gate_active,0,0.47887325,5.180026523974305,2.3657000000000004,0.3684210526315789,389.47700000000026,88.59999999999998,0,2,2.485944012514466,0.8193363789843827,0.2246478615536436,0.47887325,0.9512319776434475,F2_gate_active,True
OADMET-0006536,True,4.605,mid,0,0.4347826,4.945699608431563,1.8431999999999995,0.5625,356.4440000000002,84.94000000000001,0,1,2.587551259524762,0.8057412053497774,0.2499940115035135,0.4347826,0.9731727708083875,F2_gate_active,False
OADMET-0006535,False,,,0,0.5131579,4.90071726450604,3.6007000000000016,0.2631578947368421,383.83900000000017,81.92999999999999,0,3,2.2331549559208614,0.6736485746966964,0.2738906702639627,0.5131579,0.958790567778477,F2_gate_active,False
OADMET-0006534,True,2.8200000000000003,,0,0.5535714,4.822453990847944,1.2182999999999995,0.42857142857142855,309.3910000000001,88.16,0,1,3.429799741749406,0.8185559374178367,0.3310055780765282,0.5535714,0.02496342912436978,F2_dead,True
OADMET-0006531,True,5.955,F2_gate_active,0,0.52307695,5.087134384641881,2.962900000000001,0.36363636363636365,390.4910000000001,67.15,0,3,2.3720241430226157,0.6851641968958069,0.1923868745750417,0.52307695,0.9938838194370974,F2_gate_active,True
OADMET-0006530,True,5.445,F2_gate_active,0,0.51428574,5.491517406143248,2.6257200000000003,0.5,325.41599999999994,54.260000000000005,0,2,2.6687459261619644,0.8669879419275387,0.2133981403967416,0.51428574,0.9827201869558092,F2_gate_active,True
OADMET-0006529,True,5.375,F2_gate_active,0,0.5070422,5.198423240014562,2.1826999999999996,0.4117647058823529,315.373,67.59,0,2,3.299351956319229,0.9388545116467218,0.1925548509462765,0.5070422,0.9469677116694607,F2_gate_active,True
OADMET-0006528,False,,,0,0.5,4.114322096561224,0.41499999999999965,0.25,349.41200000000003,88.47999999999999,0,2,2.137358678115893,0.8183160344550134,0.3091076796960801,0.5,0.08403126498612716,F2_dead,False
OADMET-0006526,False,,,0,0.45454547,4.817264899935411,2.0285200000000003,0.375,334.39700000000005,87.57000000000001,0,2,2.6182870746624243,0.9277410299556039,0.4079423826899432,0.45454547,0.9898876046185857,F2_gate_active,False
OADMET-0006524,False,,,0,0.42424244,5.253184238717546,3.021700000000001,0.35294117647058826,347.36900000000014,70.15,0,2,2.7688612696214587,0.8919189484025719,0.4114417159473646,0.42424244,0.9892002595618405,F2_gate_active,False
OADMET-0006523,True,4.76,mid,0,0.4923077,5.374988862977808,4.179720000000002,0.29411764705882354,329.787,60.06,0,3,2.6392355771696376,0.7668701852354137,0.3798159805788572,0.4923077,0.962067107695216,F2_gate_active,False
OADMET-0006522,True,5.625,F2_gate_active,0,0.45,5.3149586754713605,3.3641000000000014,0.23529411764705882,399.29900000000015,75.27,0,2,1.9055776575813237,0.7823648943359931,0.0782093759947931,0.45,0.9119184090471316,F2_gate_active,True
OADMET-0006520,True,4.845000000000001,mid,0,0.50769234,4.783734522738318,2.7878000000000007,0.4666666666666667,273.33600000000007,62.13,0,2,3.1896861156915364,0.9147861788444601,0.4504574421060281,0.50769234,0.9116627223380992,F2_gate_active,False
OADMET-0006518,False,,,0,0.52238804,5.513512863728176,4.283600000000003,0.5909090909090909,367.49300000000005,59.230000000000004,0,2,2.7369865327573795,0.7643422380992859,0.1956254038560891,0.52238804,0.9597576990305571,F2_gate_active,False
OADMET-0006517,True,4.244999999999999,mid,0,0.3970588,4.797269172267988,1.5091999999999999,0.5625,353.444,78.95000000000002,0,1,3.0102412710058184,0.8740460929751829,0.2271502996442734,0.3970588,0.4505174236913515,uncertain,False
OADMET-0006516,False,,,0,0.47142857,5.287048484371259,4.008300000000003,0.25,385.46700000000004,54.34,0,3,2.845619033164567,0.7247103624455516,0.0424272531676599,0.47142857,0.9133397488046785,F2_gate_active,False
OADMET-0006515,True,5.23,F2_gate_active,0,0.46575344,4.730074152247832,1.6753,0.6,313.348,65.46000000000001,0,1,3.0180334898967844,0.8678264486933649,0.3449784081173779,0.46575344,0.8859386280376099,F2_gate_active,True
OADMET-0006514,True,2.725,,0,0.5,4.826028558667669,3.0230000000000006,0.1875,332.31,80.03999999999999,0,3,2.978407516700422,0.769498643319176,0.1420875285355576,0.5,0.0766642289513835,F2_dead,True
OADMET-0006513,False,,,0,0.53521127,5.044177110220179,3.1229000000000013,0.6111111111111112,329.44800000000004,55.95,0,2,3.0969227527374317,0.8466697495775362,0.1923578633421637,0.53521127,0.9780163038084368,F2_gate_active,False
OADMET-0006511,True,3.655,mid,0,0.5625,4.590629044952814,1.3797999999999992,0.3333333333333333,334.4010000000001,93.09,0,2,2.4241674652815277,0.8832243494412185,0.3673612194903844,0.5625,0.3921055942695193,uncertain,False
OADMET-0006509,False,,,0,0.5263158,4.539729804659999,1.8974199999999997,0.46153846153846156,307.37899999999996,89.77,0,2,2.6069743896629394,0.9313674157046268,0.1834389479793227,0.5263158,0.2214812483706577,F2_dead,False
OADMET-0006507,True,4.465,mid,0,0.484375,4.69215599144809,2.0332,0.3333333333333333,368.8460000000002,93.09,0,2,2.5010766616249214,0.8630730844170615,0.2098470538077871,0.484375,0.986425360393509,F2_gate_active,False
OADMET-0006506,True,2.2,,0,0.5714286,4.13721455439517,3.7764000000000015,0.35,339.439,71.09,0,2,1.965743324088729,0.841236646768205,0.0671558870795161,0.5714286,0.05679717981144152,F2_dead,True
OADMET-0006505,False,,,0,0.4848485,4.259527701383303,2.5758600000000005,0.375,343.4120000000001,77.05000000000001,0,3,2.7009504510488416,0.7145879296384485,0.3100091570827467,0.4848485,0.9683510567634194,F2_gate_active,False
OADMET-0006503,False,,,0,0.42857143,5.437461338134841,3.4596000000000027,0.42105263157894735,324.428,61.92,0,2,3.150552916329495,0.8459045996203419,0.3176156501684936,0.42857143,0.9435848997237467,F2_gate_active,False
OADMET-0006501,True,4.27,mid,0,0.47540984,4.437331711013025,1.1858000000000004,0.5294117647058824,415.46600000000007,87.53999999999999,0,2,2.8590960301674357,0.7658130979077282,0.2314926858004636,0.47540984,0.2166711818925137,F2_dead,False
OADMET-0006500,False,,,0,0.54285717,5.575127790675809,3.2910000000000013,0.6111111111111112,329.448,66.81,0,2,3.2729338083192507,0.9393626444983876,0.3154790145038145,0.54285717,0.9701207363687786,F2_gate_active,False
OADMET-0006498,False,,,0,0.5423729,4.845076645975176,3.062400000000002,0.8125,291.39500000000004,59.230000000000004,0,1,2.199057764352766,0.8551177246205937,0.3661202472403844,0.5423729,0.9846642800033246,F2_gate_active,False
OADMET-0006497,False,,,0,0.53846157,4.613753375893906,1.7196,0.7368421052631579,380.4890000000002,90.98,0,0,2.8801163464534074,0.7267630393233886,0.5602716698079384,0.53846157,0.9589500875771292,F2_gate_active,False
OADMET-0006496,False,,,0,0.53424656,4.780109823948249,2.3379000000000003,0.3333333333333333,330.7790000000001,84.73,0,2,2.729526281849573,0.8425965020497334,0.4588806515693486,0.53424656,0.9547200131993702,F2_gate_active,False
OADMET-0006495,False,,,0,0.359375,4.929173534727374,2.2656,0.4375,336.41300000000007,83.64,0,2,3.274268084277808,0.9257478291786494,0.0736260795119205,0.359375,0.7273082592754022,F2_gate_active,False
OADMET-0006494,True,4.295,mid,0,0.509434,5.2187563251199975,2.04396,0.4666666666666667,322.4340000000001,68.09,0,2,2.3179074510589874,0.8446363747582174,0.1489680278361614,0.509434,0.11993947703319432,F2_dead,False
OADMET-0006491,False,,,0,0.530303,5.456983881486959,4.276300000000004,0.8181818181818182,376.5410000000002,58.64,0,0,3.8915604113690465,0.7288499304892361,0.5255607152277025,0.530303,0.9867753387559313,F2_gate_active,False
OADMET-0006489,False,,,0,0.46969697,5.05119734172853,2.6094,0.7894736842105263,352.4750000000002,78.87,0,0,3.5283144469561405,0.7456374841689583,0.5427815120640284,0.46969697,0.9873159960719385,F2_gate_active,False
OADMET-0006488,False,,,0,0.5131579,5.2169134229045735,2.9467000000000017,0.5294117647058824,361.83300000000014,81.92999999999999,0,2,2.956546395008088,0.8194306013011556,0.350714485819117,0.5131579,0.5393546285677383,uncertain,False
OADMET-0006487,False,,,0,0.5555556,5.07909109171746,2.56142,0.47368421052631576,385.49300000000005,72.62,0,3,3.052086175614524,0.507670517907737,0.2922473107555845,0.5555556,0.6206629306404235,uncertain,False
OADMET-0006486,False,,,0,0.55172414,4.567675607921766,3.1306400000000014,0.26666666666666666,326.38500000000005,82.0,0,4,3.038982004732353,0.4223179911569111,0.399548682018518,0.55172414,0.7935164240406052,F2_gate_active,False
OADMET-0006485,False,,,0,0.53968257,5.261527187733274,3.638600000000003,0.8,348.4870000000002,58.64,0,0,3.3485905872337733,0.7892452576760126,0.4308375692292792,0.53968257,0.9910143371812075,F2_gate_active,False
OADMET-0006484,True,5.51,F2_gate_active,0,0.46478873,5.467329520368576,3.182280000000002,0.42105263157894735,322.41200000000003,61.92,0,2,2.521809727066941,0.8098505478431716,0.0961441245743919,0.46478873,0.9403061187413757,F2_gate_active,True
OADMET-0006481,False,,,0,0.484375,5.272767951693137,3.496100000000003,0.7894736842105263,336.47600000000017,58.64,0,0,2.890227755913095,0.7818528630854618,0.7708140587240437,0.484375,0.9830365215612603,F2_gate_active,False
OADMET-0006479,False,,,0,0.48333332,4.024033631824635,2.8780800000000015,0.5882352941176471,339.36099999999993,39.5,0,1,2.4977723967502,0.8306150213316069,0.4561118440396726,0.48333332,0.9953188385004429,F2_gate_active,False
OADMET-0006478,False,,,0,0.4848485,5.614553086482312,4.6129400000000045,0.2631578947368421,338.432,46.34,0,3,2.3254321350936973,0.6851502526032904,0.3576268216490202,0.4848485,0.9663239673134822,F2_gate_active,False
OADMET-0006477,True,5.35,F2_gate_active,0,0.45945945,5.151201165029232,2.5656800000000004,0.3157894736842105,348.4100000000001,87.17999999999999,0,3,2.729681412540584,0.7258037989491718,0.433366993757268,0.45945945,0.9846139435263386,F2_gate_active,True
OADMET-0006472,True,1.755,,0,0.578125,4.128311637279348,3.791400000000002,0.43478260869565216,395.50300000000016,80.32000000000001,0,2,3.013130495711378,0.7474116957794831,0.2922217710031179,0.578125,0.04299917931062291,F2_dead,True
OADMET-0006471,False,,,0,0.45454547,4.857269218386804,4.000220000000003,0.2777777777777778,420.28600000000006,64.74000000000001,0,3,2.409308520022144,0.6558770439510182,0.1246363488891576,0.45454547,0.975458063925182,F2_gate_active,False
OADMET-0006465,False,,,0,0.42424244,4.985813192042008,2.7726000000000006,0.9444444444444444,326.48100000000017,61.8,0,0,3.439895810404084,0.8153750968577352,0.458199736286326,0.42424244,0.9921221227370559,F2_gate_active,False
OADMET-0006464,False,,,0,0.453125,4.859008019116462,1.4929000000000001,0.4666666666666667,320.37000000000006,98.47,0,1,4.287509697868084,0.9095403107437453,0.4958733937245053,0.453125,0.053076893006467535,F2_dead,False
OADMET-0006461,True,5.34,F2_gate_active,0,0.49295774,4.803727156962896,2.2245,0.5882352941176471,319.40500000000003,73.22,0,1,3.7041219647723143,0.6444008012444105,0.4942095312142469,0.49295774,0.9374976136091927,F2_gate_active,True
OADMET-0006458,True,1.945,,0,0.5,4.5098912103659625,2.3037,0.4375,299.37800000000004,63.050000000000004,0,2,2.7784835709632585,0.9443623112288484,0.2588713578477536,0.5,0.06060693356321629,F2_dead,True
OADMET-0006457,False,,,0,0.5147059,6.046211810410023,3.6320200000000025,0.4444444444444444,313.40100000000007,58.36000000000001,0,2,3.2059637230140723,0.920729155319784,0.3115743527256322,0.5147059,0.8575732829606286,F2_gate_active,False
OADMET-0006456,False,,,0,0.49295774,5.496989199410592,3.775900000000002,0.3333333333333333,350.41800000000006,69.64,0,2,3.1851844834599428,0.8223034777525841,0.2563387446082825,0.49295774,0.36818922622044586,uncertain,False
OADMET-0006455,True,6.225,F2_gate_active,0,0.43283582,4.8011091705178846,3.7599000000000027,0.7777777777777778,319.449,56.269999999999996,0,1,3.5672750332423053,0.8649455390295889,0.1540356339578723,0.43283582,0.9857943689465227,F2_gate_active,True
OADMET-0006454,False,,,0,0.5070422,5.501904343954722,2.4702200000000003,0.47368421052631576,343.4270000000002,76.38000000000001,0,2,2.7723517068793164,0.8447025257782368,0.197524987809786,0.5070422,0.6819190551650557,uncertain,False
OADMET-0006453,True,5.135,F2_gate_active,0,0.5714286,5.558839817313212,2.9209000000000014,0.26666666666666666,334.42199999999997,75.27,0,2,2.785321620214054,0.9025303728453696,0.2480472803286333,0.5714286,0.9242698994895321,F2_gate_active,True
OADMET-0006452,True,4.72,mid,0,0.53571427,4.698740781525384,1.2858199999999997,0.5,296.39199999999994,66.48,0,1,1.946399861325503,0.8043536638168004,0.3403283656128119,0.53571427,0.039195088742523386,F2_dead,False
OADMET-0006450,False,,,0,0.4915254,4.242292024663932,2.591800000000001,0.75,290.4110000000001,45.400000000000006,0,1,3.06300849056926,0.7800001967843442,0.402002353699031,0.4915254,0.9673240645774531,F2_gate_active,False
OADMET-0006449,True,4.465,mid,0,0.58181816,5.244487855647619,2.6697000000000006,0.26666666666666666,334.422,75.27000000000001,0,2,2.748187128898916,0.902466973521863,0.0604115306666169,0.58181816,0.7828896557432558,F2_gate_active,False
OADMET-0006448,False,,,0,0.530303,4.861175691575357,2.5398000000000005,0.3333333333333333,346.434,49.64,0,3,2.8845214267797807,0.7897768225668407,0.2874831114407248,0.530303,0.8484700015540764,F2_gate_active,False
OADMET-0006447,False,,,0,0.4225352,5.234508817908811,3.9612000000000016,0.25,383.40200000000016,71.84,0,3,2.76927667806091,0.7163314554110648,0.0752183365725557,0.4225352,0.8543904434866982,F2_gate_active,False
OADMET-0006443,True,4.6850000000000005,mid,0,0.56666666,4.961000003848485,1.9108199999999997,0.2857142857142857,305.35900000000004,81.18,0,2,2.520369005047554,0.9365148003177312,0.1097198940611856,0.56666666,0.4510605446497017,uncertain,False
OADMET-0006442,True,4.75,mid,0,0.53061223,4.799888449769366,1.48082,0.5,297.384,81.81,0,2,2.9863134731853425,0.9300452793346677,0.6170508317061024,0.53061223,0.013046393466996887,F2_dead,False
OADMET-0006439,True,1.745,,0,0.47619048,4.250006435665425,3.1618000000000013,0.3684210526315789,322.4120000000001,54.18,0,3,2.9892024683159715,0.8046067554688731,0.3400285148101774,0.47619048,0.08042106579714575,F2_dead,True
OADMET-0006438,False,,,0,0.53846157,5.876152453257338,3.871820000000003,0.35,341.40700000000015,59.0,0,2,2.9118693572632246,0.9205159339804342,0.3221320701623271,0.53846157,0.8765609801983856,F2_gate_active,False
OADMET-0006437,False,,,0,0.46376812,5.519985290658473,4.891140000000004,0.2631578947368421,374.41200000000003,46.34,0,3,2.5737154747112907,0.6414914049871285,0.2499595780092554,0.46376812,0.9577601254126147,F2_gate_active,False
OADMET-0006436,False,,,0,0.48214287,5.071217237153772,4.001140000000003,0.3333333333333333,346.43700000000007,80.91000000000001,0,3,2.527170068831822,0.7720014095887425,0.3520077298414489,0.48214287,0.9608207741949615,F2_gate_active,False
OADMET-0006433,True,1.845,,0,0.5423729,4.255947383629281,4.165700000000003,0.38095238095238093,387.4300000000002,71.09,0,2,2.446379112335496,0.8090737592889273,0.2845840156570561,0.5423729,0.07254678781138205,F2_dead,True
OADMET-0006431,True,4.005,,0,0.52307695,4.323664530726899,1.3253999999999992,0.625,387.5270000000003,95.57999999999998,0,1,2.292724258928539,0.6249384007509925,0.4624550415640003,0.52307695,0.4491780312819653,uncertain,False
OADMET-0006427,True,3.38,F2_dead,0,0.50769234,4.68275102523316,1.4840000000000002,0.375,325.3760000000001,89.17,0,3,2.9084036421071264,0.7245131437276235,0.5691581016453152,0.50769234,0.026751545753493637,F2_dead,True
OADMET-0006426,False,,,0,0.50793654,4.693693156869548,2.1033999999999997,0.38095238095238093,434.53700000000026,72.96,0,2,2.162793812957972,0.7559053386247817,0.248019616566437,0.50793654,0.9358460026641993,F2_gate_active,False
OADMET-0006425,False,,,0,0.57377046,4.900329470730651,3.292440000000002,0.3157894736842105,424.9060000000003,95.94,0,2,2.330021730476849,0.7641144258213863,0.1220773653352901,0.57377046,0.6952309716289177,uncertain,False
OADMET-0006424,True,5.38,F2_gate_active,0,0.5535714,5.804232947379352,4.753520000000003,0.3333333333333333,361.40999999999997,46.17,0,2,2.710471534760435,0.8538573217664723,0.1983096210698635,0.5535714,0.9794401124630195,F2_gate_active,True
OADMET-0006423,False,,,0,0.52380955,5.180237097536121,3.462200000000002,0.19047619047619047,346.3860000000001,43.7,0,3,2.666335357585817,0.7136808262117349,0.1828923222757413,0.52380955,0.9886009354709447,F2_gate_active,False
OADMET-0006421,False,,,0,0.515625,4.963568122653768,3.493120000000002,0.47058823529411764,328.44100000000003,52.31,0,3,3.399112026925513,0.5418730736395959,0.3872945407974772,0.515625,0.9618396157101944,F2_gate_active,False
OADMET-0006419,False,,,0,0.46938777,4.562803746021312,3.2989000000000015,0.25,306.28700000000003,33.2,0,2,2.083055863390232,0.8097153745431227,0.4621859116465616,0.46938777,0.9496579627302638,F2_gate_active,False
OADMET-0006417,False,,,0,0.53333336,4.794831636616506,3.493120000000002,0.47058823529411764,328.44100000000003,52.31,0,3,3.1413604099092645,0.5439830189566133,0.4068778998460459,0.53333336,0.9603082216612553,F2_gate_active,False
OADMET-0006415,True,5.505000000000001,F2_gate_active,0,0.49056605,5.339616349659988,3.6705000000000014,0.0,342.2070000000001,74.85,0,3,2.221038666064503,0.7625744961498743,0.3517655011160519,0.49056605,0.9832661477406011,F2_gate_active,True
OADMET-0006413,True,5.995,F2_gate_active,0,0.546875,5.360603537522987,1.551,0.42105263157894735,341.4110000000001,64.31,0,2,3.0559255445541957,0.8508031125846144,0.2477446882287343,0.546875,0.7898451232673263,F2_gate_active,True
OADMET-0006412,True,5.735,F2_gate_active,0,0.5535714,5.804420719742775,4.753520000000003,0.3333333333333333,361.41,46.17,0,2,2.5853693015098145,0.8538573217664723,0.2475020757535472,0.5535714,0.9794401124630195,F2_gate_active,True
OADMET-0006411,False,,,0,0.4923077,5.323118354364791,3.8023000000000025,0.3125,348.3780000000002,77.81,0,2,3.0141999368571524,0.8854430611252836,0.330102629347939,0.4923077,0.5422626827043328,uncertain,False
OADMET-0006410,True,2.535,,0,0.5873016,4.100536470397098,2.3925,0.5294117647058824,318.3730000000001,67.87,0,1,1.9762166960507574,0.9253947802755315,0.193515883544615,0.5873016,0.03726253049978334,F2_dead,True
OADMET-0006409,True,6.005,F2_gate_active,0,0.56666666,5.536062443576256,4.077500000000003,0.47619047619047616,367.4970000000001,61.36000000000001,0,2,2.2745773788420696,0.8845099611974905,0.1092079305450364,0.56666666,0.9611639989764845,F2_gate_active,True
OADMET-0006407,False,,,0,0.5714286,4.460920669564892,1.9901200000000001,0.7142857142857143,320.4220000000001,71.18,0,2,3.216063790743478,0.8527784375356986,0.1860036872120934,0.5714286,0.4935412902396094,uncertain,False
OADMET-0006406,False,,,0,0.5416667,4.336150107772588,2.505000000000001,0.5555555555555556,387.8750000000002,79.17999999999999,0,2,2.485582305494365,0.8714796154512359,0.4618238432705824,0.5416667,0.9613969517222193,F2_gate_active,False
OADMET-0006405,False,,,0,0.5538462,4.849649661369622,1.5034999999999998,0.5,325.41600000000005,63.050000000000004,0,2,3.088434871564896,0.9048810315547914,0.3451887592976081,0.5538462,0.06876327051430167,F2_dead,False
OADMET-0006404,True,5.465,F2_gate_active,0,0.5,5.504392409288884,4.644300000000003,0.2222222222222222,361.417,46.92,0,3,2.737452768634462,0.6733713478739551,0.0507563002826859,0.5,0.966086772105151,F2_gate_active,True
OADMET-0006401,True,4.74,mid,0,0.55737704,4.9588711563524654,2.3198999999999996,0.4117647058823529,324.38800000000003,70.65,0,3,2.4516185027982527,0.7363781586377176,0.1234841005661295,0.55737704,0.24004718262923316,F2_dead,False
OADMET-0006400,True,4.835,mid,0,0.50877196,5.202095858341597,4.321100000000003,0.2631578947368421,359.37600000000003,56.15,0,3,2.5429483664947146,0.7130200806300789,0.1788895128846153,0.50877196,0.9737841002849058,F2_gate_active,False
OADMET-0006399,True,5.17,F2_gate_active,0,0.5,5.145557879489732,2.997700000000001,0.7727272727272727,403.52300000000037,82.45,0,1,2.8817477760161285,0.7079209484129839,0.1290897300761445,0.5,0.8784364238867786,F2_gate_active,True
OADMET-0006398,False,,,0,0.41428572,5.297917279818884,2.9238000000000017,0.4444444444444444,363.41200000000015,62.19,0,2,2.756954489463661,0.8295561762752444,0.0562895132034506,0.41428572,0.9898086065153625,F2_gate_active,False
OADMET-0006397,False,,,0,0.50769234,5.091384001852323,3.860300000000003,0.25,385.46700000000004,45.550000000000004,0,3,2.6975580376894523,0.6872698544462744,0.3139059363780179,0.50769234,0.9732216869531461,F2_gate_active,False
OADMET-0006394,False,,,0,0.5882353,5.155699034848575,3.523100000000002,0.3684210526315789,322.412,42.540000000000006,0,3,3.163400929854431,0.74021174152498,0.2109523473302274,0.5882353,0.7737903150269025,F2_gate_active,False
OADMET-0006393,True,5.3100000000000005,F2_gate_active,0,0.42424244,5.477374521987088,3.229800000000002,0.3157894736842105,359.4470000000002,72.47,0,2,2.32724266474807,0.9095960267880412,0.1891246959478835,0.42424244,0.9817177107761603,F2_gate_active,True
OADMET-0006392,False,,,0,0.59016395,5.275809139147401,3.2620200000000015,0.42105263157894735,326.46500000000015,32.34,0,2,2.7600113753617244,0.9351638050100392,0.4087005529544498,0.59016395,0.987575879378057,F2_gate_active,False
OADMET-0006390,False,,,0,0.5,5.331198731684218,4.222840000000004,0.2222222222222222,324.40500000000003,46.34,0,3,2.303103409337469,0.7087262953759883,0.2428175228585058,0.5,0.94591088204544,F2_gate_active,False
OADMET-0006389,False,,,0,0.43333334,4.67861715829816,3.2650200000000025,0.46153846153846156,344.27100000000013,45.150000000000006,0,2,2.5170413127398614,0.8367507810056196,0.4890219304369626,0.43333334,0.989558798053457,F2_gate_active,False
OADMET-0006388,False,,,0,0.5555556,4.763175569693416,2.8907000000000007,0.3333333333333333,332.79500000000013,84.73,0,2,2.568990013358448,0.8243905180268735,0.5518939490458302,0.5555556,0.9592988239789415,F2_gate_active,False
OADMET-0006386,True,6.26,F2_gate_active,0,0.53968257,5.587388456068609,3.5543000000000022,0.5,394.52300000000025,64.60000000000001,0,2,2.296473712730016,0.8590803001684052,0.377622434292255,0.53968257,0.9932946698482519,F2_gate_active,True
OADMET-0006385,True,4.125,,0,0.50877196,4.142172212439778,1.9298999999999995,0.26666666666666666,283.335,57.760000000000005,0,3,2.4550332799529766,0.7176683411086427,0.2635290570699781,0.50877196,0.7639615789703983,F2_gate_active,False
OADMET-0006383,False,,,0,0.4262295,5.104710549903304,3.0671000000000017,0.47058823529411764,335.4250000000001,69.4,0,2,2.4892166960507556,0.7855143011897977,0.1160544869799631,0.4262295,0.8407478819009302,F2_gate_active,False
OADMET-0006380,False,,,0,0.53333336,4.823572375508791,2.3643,0.5625,317.3680000000001,58.290000000000006,0,2,2.940819067669416,0.8626671647380264,0.244243281456865,0.53333336,0.7739013112812997,F2_gate_active,False
OADMET-0006379,True,2.97,,0,0.5283019,4.62784951700469,1.8255,0.3125,297.362,68.76,0,3,2.513242038505437,0.7797812527501,0.2036118430441858,0.5283019,0.033027303661762285,F2_dead,True
OADMET-0006378,True,4.859999999999999,mid,0,0.43396226,5.016527481930698,1.69644,0.5714285714285714,283.393,57.61,0,1,2.4036000204475947,0.8944965578621695,0.513286683740961,0.43396226,0.8543199866409394,F2_gate_active,False
OADMET-0006371,True,4.895,mid,0,0.48333332,5.34598608569457,3.9649000000000028,0.4117647058823529,319.35499999999996,46.92,0,2,3.3052638771418863,0.8478702844709025,0.1507853421747745,0.48333332,0.9264183477901516,F2_gate_active,False
OADMET-0006370,False,,,0,0.527027,4.225180417536333,2.1311999999999998,0.5,346.8220000000001,84.73,0,2,2.943413466882621,0.885504553030171,0.4876073428819741,0.527027,0.7627960133462903,F2_gate_active,False
OADMET-0006367,False,,,0,0.4642857,4.06591140239814,1.95342,0.625,345.4760000000001,61.28000000000001,0,2,2.565268123599985,0.8424117786285076,0.9372939830912408,0.4642857,0.9957358152142075,F2_gate_active,False
OADMET-0006365,False,,,0,0.47619048,4.603429313023408,1.232999999999999,0.6,340.4490000000002,114.18,0,1,3.016582648131463,0.7205134986508857,0.4402298716339745,0.47619048,0.37729369658760714,uncertain,False
OADMET-0006364,False,,,0,0.5689655,5.139456101533222,2.8490800000000007,0.23529411764705882,377.85300000000024,82.42999999999999,0,2,2.233823500532006,0.885383376265583,0.2756195840145836,0.5689655,0.9651302352542444,F2_gate_active,False
OADMET-0006362,False,,,0,0.5441176,5.06951900306661,2.9517000000000007,0.4444444444444444,391.4970000000003,105.12,0,2,2.3973632399445304,0.674647729035774,0.2383377129287076,0.5441176,0.9393801930516372,F2_gate_active,False
OADMET-0006360,True,5.475,F2_gate_active,0,0.47826087,5.352062908768444,3.8347400000000027,0.3333333333333333,309.36899999999997,60.06,0,3,2.6158796331136944,0.782232791019015,0.4152337983110828,0.47826087,0.9187684971533692,F2_gate_active,True
OADMET-0006358,False,,,0,0.5833333,5.499590002209942,3.9288000000000034,0.2222222222222222,370.25000000000017,38.13,0,3,2.403743968778029,0.6511530801181564,0.3626467148384996,0.5833333,0.9790715599307181,F2_gate_active,False
OADMET-0006357,False,,,0,0.51428574,5.589031850174069,4.347120000000004,0.3181818181818182,361.4450000000001,59.230000000000004,0,3,2.2943906161710306,0.6778935070626261,0.1910773302100938,0.51428574,0.9728748714629752,F2_gate_active,False
OADMET-0006355,False,,,0,0.42647058,5.3871502582351365,3.262500000000002,0.3157894736842105,374.39100000000013,74.33,0,2,2.628052157264218,0.8626659145096731,0.220580231300495,0.42647058,0.9920950306770248,F2_gate_active,False
OADMET-0006353,False,,,0,0.4057971,4.213091427408204,1.01732,0.3333333333333333,336.369,96.8,0,2,2.840342603508576,0.8986298739781681,0.3895247968602652,0.4057971,0.36032660508509257,uncertain,False
OADMET-0006352,False,,,0,0.4857143,5.043372551057372,3.7703400000000027,0.4117647058823529,358.423,85.26,0,3,3.302483153249848,0.7083305782126974,0.3235436955828222,0.4857143,0.7605302028194799,F2_gate_active,False
OADMET-0006351,True,5.58,F2_gate_active,0,0.4918033,5.366873200888818,2.1741,0.47058823529411764,352.4560000000001,75.71,0,1,3.1210797802348207,0.8242746916778164,0.228726390234726,0.4918033,0.9417644257977507,F2_gate_active,True
OADMET-0006350,True,4.87,mid,0,0.47368422,5.500225315422252,3.309840000000002,0.21052631578947367,355.4630000000001,55.2,0,3,2.08134288452829,0.705464811133905,0.2268320860410079,0.47368422,0.9804926731429324,F2_gate_active,False
OADMET-0006349,False,,,0,0.5409836,5.270564859285952,2.5764400000000007,0.4,337.47,55.2,0,2,3.0805674933784353,0.8648566689987656,0.3330345499703184,0.5409836,0.9567983739407503,F2_gate_active,False
OADMET-0006347,True,5.58,F2_gate_active,0,0.46969697,5.12697401070548,2.7696000000000014,0.4444444444444444,311.38500000000005,58.36,0,2,3.7495809443983497,0.9275480758638137,0.1784095273641034,0.46969697,0.9349727742825353,F2_gate_active,True
OADMET-0006346,False,,,0,0.3846154,5.577034468401834,3.709900000000003,0.4,343.807,60.17,0,2,2.7365116946557393,0.796979426829335,0.1160414079698063,0.3846154,0.979133350392109,F2_gate_active,False
OADMET-0006345,False,,,0,0.53061223,4.966100782641284,1.8607,0.2857142857142857,277.345,46.61,0,2,1.7915222302378027,0.8414946135535898,0.5493866010891433,0.53061223,0.8131145942933269,F2_gate_active,False
OADMET-0006344,True,4.195,,0,0.5084746,4.171279526869997,3.591400000000002,0.2,294.27599999999995,41.99,0,2,2.271017513632694,0.9395940657150604,0.1775341112048332,0.5084746,0.9575395841814496,F2_gate_active,False
OADMET-0006343,False,,,0,0.55737704,5.176510301955482,2.9536000000000007,0.3888888888888889,312.438,32.34,0,2,2.674850466567655,0.9412093722673203,0.3974590360436104,0.55737704,0.9773228738582245,F2_gate_active,False
OADMET-0006341,True,4.65,mid,0,0.55932206,5.095614861221436,2.675300000000001,0.631578947368421,367.5110000000002,83.47,0,1,2.7196149664366605,0.7398451266518761,0.2068371378032291,0.55932206,0.9366716301953681,F2_gate_active,False
OADMET-0006339,False,,,0,0.5652174,5.154216291703182,3.993300000000003,0.3333333333333333,346.8140000000001,62.66,0,2,3.065803613141295,0.9122004793122056,0.2162780690865988,0.5652174,0.9712777937531245,F2_gate_active,False
OADMET-0006337,False,,,0,0.41935483,5.504823752035135,3.0565000000000015,0.4,309.36199999999997,60.17,0,2,2.535627466586016,0.8176221893949618,0.1805022339034694,0.41935483,0.9256810971352882,F2_gate_active,False
OADMET-0006336,True,1.805,,0,0.5,4.623048347014205,1.5604999999999998,0.5333333333333333,380.3880000000002,95.5,0,1,2.2275758968101265,0.7224791557915136,0.1666753658717618,0.5,0.034669144539821006,F2_dead,True
OADMET-0006334,True,4.91,mid,0,0.44444445,4.854450607636164,2.1505,0.4,330.4170000000001,76.28,0,3,3.3011703018199885,0.7352810457520801,0.4329838017366711,0.44444445,0.9356668214889141,F2_gate_active,False
OADMET-0006333,False,,,0,0.50793654,4.67850793996152,3.195700000000002,0.4117647058823529,350.34400000000016,56.300000000000004,0,2,2.4956474999129057,0.8508781991080756,0.5045150311962158,0.50793654,0.9960160808537598,F2_gate_active,False
OADMET-0006332,False,,,0,0.55172414,4.978254147228197,2.535800000000001,0.5294117647058824,314.3890000000001,65.63000000000001,0,2,2.797775711026059,0.935317295149632,0.2790852155855495,0.55172414,0.6716178748660664,uncertain,False
OADMET-0006331,True,4.88,mid,0,0.5,5.576095672168728,2.8240000000000007,0.3333333333333333,306.369,63.13,0,2,2.9535506605477977,0.9276815086177963,0.4140148194525844,0.5,0.9220846996956672,F2_gate_active,False
OADMET-0006330,False,,,0,0.53846157,5.188275190100253,2.861720000000001,0.4117647058823529,299.3740000000001,56.150000000000006,0,2,1.9708068736702735,0.9441705302945543,0.3317253389822221,0.53846157,0.8782482844301222,F2_gate_active,False
OADMET-0006329,False,,,0,0.53333336,5.166014801878273,3.1580000000000013,0.35714285714285715,341.82000000000016,84.22000000000001,0,2,2.434710205821993,0.8942030263865131,0.1550873572174692,0.53333336,0.6666312576180538,uncertain,False
OADMET-0006328,True,4.869999999999999,mid,0,0.5151515,4.893807240195128,2.9632400000000017,0.4444444444444444,332.37500000000006,55.57000000000001,0,2,2.736254879434263,0.8636514890556187,0.2589305602593948,0.5151515,0.9798982991528236,F2_gate_active,False
OADMET-0006326,True,5.24,F2_gate_active,0,0.5138889,5.1266562726721165,2.739980000000001,0.6111111111111112,312.4170000000001,69.02000000000001,0,1,3.3987612994279353,0.9314975805412185,0.4057951754698815,0.5138889,0.9417713931895204,F2_gate_active,True
OADMET-0006325,False,,,0,0.41935483,5.067604947467205,2.917320000000002,0.625,338.4290000000001,86.2,0,2,3.108361311435372,0.7791748096488607,0.1448101269473656,0.41935483,0.9357192013850528,F2_gate_active,False
OADMET-0006321,False,,,0,0.5,4.578113296951459,1.95602,0.4,270.336,51.02,0,2,2.4103982887601383,0.8563240937665754,0.3612774379338104,0.5,0.9592002167214619,F2_gate_active,False
OADMET-0006320,False,,,0,0.49315068,4.92933762036549,2.630000000000001,0.5882352941176471,330.436,81.97000000000001,0,2,3.2220047612469216,0.9340304138500122,0.2279429793139343,0.49315068,0.7135400992179882,F2_gate_active,False
OADMET-0006318,True,5.745,F2_gate_active,0,0.57377046,5.131681313161435,3.313600000000002,0.3888888888888889,323.4,57.760000000000005,0,3,2.439568448627071,0.7225994504803344,0.1529794287354382,0.57377046,0.9611887593760289,F2_gate_active,True
OADMET-0006317,False,,,0,0.516129,4.539644584967809,2.1089,0.6666666666666666,340.43100000000027,71.18,0,2,3.144846825536465,0.8438729512057742,0.3031493712815252,0.516129,0.9042258707212927,F2_gate_active,False
OADMET-0006316,False,,,0,0.51724136,4.488338021254817,2.194,0.38461538461538464,292.36400000000003,76.88,0,2,2.3698505434020483,0.9367856525750001,0.3431842775262465,0.51724136,0.722023644209689,F2_gate_active,False
OADMET-0006314,False,,,0,0.50769234,5.45113765425682,3.8948000000000027,0.2608695652173913,374.44000000000005,43.7,0,3,2.7524611253132534,0.6834294429774193,0.1516660111650391,0.50769234,0.9825310205240139,F2_gate_active,False
OADMET-0006313,True,5.07,F2_gate_active,0,0.53521127,5.281542488697378,3.576500000000002,0.375,338.379,44.120000000000005,0,2,2.7777577611395152,0.6313337864401728,0.3726009432275831,0.53521127,0.9928326375660281,F2_gate_active,True
OADMET-0006311,True,4.725,mid,0,0.47272727,4.884175246089579,2.06954,0.42857142857142855,309.391,76.30000000000001,0,2,2.271925401808687,0.8447790990157942,0.153979599084019,0.47272727,0.43733484034097486,uncertain,False
OADMET-0006309,False,,,0,0.51724136,5.308562953212104,2.5936400000000006,0.3076923076923077,312.416,59.5,0,2,2.588890154365796,0.8704484106076447,0.2380518459251859,0.51724136,0.9881460380966218,F2_gate_active,False
OADMET-0006308,True,4.795,mid,0,0.5714286,5.595288162291374,3.3774000000000015,0.35294117647058826,362.47600000000006,75.27,0,2,3.2046173228731787,0.8561108072591478,0.0857004751339023,0.5714286,0.6887230016033322,uncertain,False
OADMET-0006306,True,5.24,F2_gate_active,0,0.50793654,5.005359003914311,2.7543000000000006,0.26666666666666666,337.30499999999995,57.760000000000005,0,3,2.557839692623773,0.734504929360664,0.2027359775336743,0.50793654,0.9766623179598484,F2_gate_active,True
OADMET-0006305,True,3.565,mid,0,0.53125,4.624500268480805,2.5731400000000004,0.4117647058823529,318.348,55.57000000000001,0,2,2.7303645006979256,0.8726443384754776,0.3136225754913155,0.53125,0.9839255872028335,F2_gate_active,False
OADMET-0006304,True,5.025,,0,0.50769234,4.14531997003784,0.9677000000000004,0.7222222222222222,347.4630000000002,61.800000000000004,0,1,3.3246164899643063,0.8087344400662265,0.432892514690882,0.50769234,0.7879456520578008,F2_gate_active,True
OADMET-0006302,True,5.495,F2_gate_active,0,0.58208954,5.248496558941328,2.6979000000000006,0.3888888888888889,338.415,85.07000000000001,0,3,3.2155189224806167,0.7903736297128799,0.2643559265405331,0.58208954,0.8928167449056715,F2_gate_active,True
OADMET-0006301,True,5.58,F2_gate_active,0,0.5,5.2086733010807285,2.728980000000001,0.4,308.403,63.410000000000004,0,2,2.3162026863662355,0.8709476861024454,0.3198464563075017,0.5,0.9717544829729916,F2_gate_active,True
OADMET-0006300,False,,,0,0.46031746,5.0183899226056585,2.673800000000001,0.3,384.4570000000001,98.47,0,2,2.441984423376484,0.8737520896964719,0.1077766944348379,0.46031746,0.9799396440918778,F2_gate_active,False
OADMET-0006299,True,4.725,mid,0,0.50877196,4.757613726669704,1.6307999999999998,0.46153846153846156,316.81000000000006,66.48,0,1,1.9638435426441845,0.811195632505448,0.4274268065227127,0.50877196,0.6005586164809998,uncertain,False
OADMET-0006298,True,4.26,mid,0,0.5423729,4.578351429525178,2.9768000000000017,0.2777777777777778,332.35,41.57000000000001,0,2,2.4905880488224206,0.93583605909496,0.1969107537474836,0.5423729,0.9898309583940805,F2_gate_active,False
OADMET-0006297,False,,,0,0.4,5.138009450303369,2.4621000000000004,0.5,336.4130000000001,82.29,0,2,2.771661451295513,0.7801487080833872,0.1098018929806294,0.4,0.8189878680922231,F2_gate_active,False
OADMET-0006296,True,5.890000000000001,F2_gate_active,0,0.5555556,4.805309729314231,2.9525000000000015,0.3333333333333333,376.4640000000001,78.01,0,3,2.620776775431894,0.7574112562580942,0.3283342548808855,0.5555556,0.9428345032192769,F2_gate_active,True
OADMET-0006295,False,,,0,0.50877196,4.654076167348848,2.2325,0.26666666666666666,255.32100000000005,37.27,0,2,2.6700241822760447,0.8333243561250603,0.4232370126359582,0.50877196,0.8810876006484827,F2_gate_active,False
OADMET-0006293,False,,,0,0.5423729,4.640746555581563,3.1306400000000023,0.26666666666666666,326.38500000000005,82.0,0,4,3.1451022844526326,0.4223179911569111,0.3277124364481721,0.5423729,0.6510415501558575,uncertain,False
OADMET-0006289,False,,,0,0.4477612,4.989787173945833,2.2745200000000008,0.4117647058823529,348.4240000000001,87.57000000000001,0,2,3.1031992965389206,0.9192429533149545,0.6898261200629838,0.4477612,0.9782917746213335,F2_gate_active,False
OADMET-0006287,True,4.055,mid,0,0.5217391,4.867672035536833,2.0219,0.3333333333333333,375.45000000000016,97.38999999999999,0,2,2.52881332961379,0.7716151072983448,0.1955309775787751,0.5217391,0.8317799722979816,F2_gate_active,False
OADMET-0006286,False,,,0,0.50769234,5.228380018099472,3.306000000000002,0.8125,327.37499999999994,59.230000000000004,0,1,3.087279906830255,0.8323484630968245,0.1800376403208632,0.50769234,0.986064220991696,F2_gate_active,False
OADMET-0006284,True,6.08,F2_gate_active,0,0.4857143,5.095709718234867,1.8646199999999997,0.35294117647058826,361.42300000000006,96.85000000000001,0,2,2.71584254052447,0.8999909312403915,0.4136747889069886,0.4857143,0.9925251241627036,F2_gate_active,True
OADMET-0006282,False,,,0,0.57894737,5.0587533136458696,1.6156799999999993,0.5714285714285714,308.4070000000001,94.88,0,1,3.193734829223378,0.8615194893669492,0.1187209635484803,0.57894737,0.04975602447513393,F2_dead,False
OADMET-0006281,False,,,0,0.5,5.114400128310758,3.3084000000000024,0.8235294117647058,305.422,59.230000000000004,0,1,2.6785834068145498,0.8087556849615998,0.2079506543342643,0.5,0.9553176264362617,F2_gate_active,False
OADMET-0006279,False,,,0,0.5277778,4.310288156154631,1.9187199999999995,0.4444444444444444,328.4160000000001,68.18,0,2,2.702610791297337,0.8499934304581058,0.347891574834071,0.5277778,0.8839703682671705,F2_gate_active,False
OADMET-0006278,False,,,0,0.4920635,5.186747440550226,2.848300000000001,0.3157894736842105,358.463,80.47,0,2,2.090874638126804,0.9159690667496331,0.262034783395995,0.4920635,0.9796781551942714,F2_gate_active,False
OADMET-0006276,False,,,0,0.46875,4.817309584730257,0.5701999999999998,0.5333333333333333,321.40200000000004,73.64,0,1,3.509952534591788,0.7960783703617217,0.1460801489044058,0.46875,0.050913776294438724,F2_dead,False
OADMET-0006274,True,4.5600000000000005,mid,0,0.5,4.76688149918412,1.6028999999999995,0.6666666666666666,342.3460000000001,85.25,0,1,3.0601985382557526,0.8141983428153655,0.3973584369311395,0.5,0.47766373806793366,uncertain,False
OADMET-0006273,True,5.55,F2_gate_active,0,0.5147059,5.492004330144055,3.0119000000000016,0.631578947368421,398.52500000000026,84.94000000000001,0,1,3.017854744032406,0.7275471480091075,0.2524048868418713,0.5147059,0.9705281430665805,F2_gate_active,True
OADMET-0006272,True,4.824999999999999,mid,0,0.5081967,5.082830087988723,1.9392200000000002,0.5,330.8370000000001,66.48,0,1,2.144816034225272,0.81053291449803,0.1989249138676628,0.5081967,0.9772140035957134,F2_gate_active,False
OADMET-0006271,True,5.4,F2_gate_active,0,0.48,5.649059895354768,4.199900000000003,0.375,399.285,44.120000000000005,0,2,2.819651962322947,0.5711771304929236,0.3476481229495878,0.48,0.9451536132429019,F2_gate_active,True
OADMET-0006270,True,2.765,,0,0.50769234,4.766355384886264,1.4817,0.5263157894736842,340.4270000000001,58.440000000000005,0,2,3.167396050403867,0.8492258738245183,0.6528104248631994,0.50769234,0.05512024515781483,F2_dead,True
OADMET-0006269,False,,,0,0.5263158,4.685818448153346,2.0229,0.2,287.29400000000004,56.67,0,2,2.4182219776681535,0.871575849441995,0.1896203023410624,0.5263158,0.9057526585989234,F2_gate_active,False
OADMET-0006268,True,5.335,F2_gate_active,0,0.46268657,4.57791712764147,1.8071,0.6,343.42300000000006,66.84,0,1,3.9178675936959246,0.8502079130122101,0.1575345239812059,0.46268657,0.9831709718226924,F2_gate_active,True
OADMET-0006264,True,4.275,mid,0,0.4909091,4.857736070545948,2.1996,0.5,350.3620000000002,75.27,0,1,2.032416696050756,0.8548386588087317,0.213421924026787,0.4909091,0.9353870278050307,F2_gate_active,False
OADMET-0006263,False,,,0,0.5294118,4.832466023963246,1.8818,0.6,302.382,68.84,0,2,3.298547307226995,0.8644855859985507,0.3859636968892812,0.5294118,0.745854737693634,F2_gate_active,False
OADMET-0006262,True,4.96,mid,0,0.5483871,4.860698791601672,3.373400000000002,0.1,381.45700000000005,88.16,0,3,2.276717744046092,0.68514583978734,0.2630933547746509,0.5483871,0.9739861917377864,F2_gate_active,False
OADMET-0006259,True,5.59,F2_gate_active,0,0.5,5.652143985285707,3.709600000000002,0.45,464.38500000000016,73.22,0,2,3.08492867416607,0.6604013973026943,0.2661269473118864,0.5,0.9175965466928604,F2_gate_active,True
OADMET-0006256,True,3.735,mid,0,0.32307693,4.774586048142417,1.9253,0.6428571428571429,278.356,76.97,0,2,3.118485026160668,0.9242642643571816,0.1325093391168007,0.32307693,0.851698664795113,F2_gate_active,False
OADMET-0006252,True,4.69,mid,0,0.44927537,4.89404194243957,2.4237,0.5789473684210527,354.4580000000001,67.15,0,2,3.025421175767635,0.846763023808681,0.4382256650421995,0.44927537,0.9936872699188418,F2_gate_active,False
OADMET-0006248,False,,,0,0.53968257,5.382998133065568,4.5907000000000036,0.19047619047619047,351.3770000000001,42.68,0,3,2.1086307040385606,0.6903279163263223,0.1910677258182869,0.53968257,0.9726789242087353,F2_gate_active,False
OADMET-0006245,True,5.87,F2_gate_active,0,0.5645161,5.470779397047483,4.0460800000000035,0.21739130434782608,423.5380000000001,88.16,0,3,2.149231771385086,0.6261432380703364,0.3121907619661245,0.5645161,0.9360025296521726,F2_gate_active,True
OADMET-0006242,False,,,0,0.546875,5.018300971923122,3.3020200000000024,0.3333333333333333,280.37100000000004,33.2,0,2,2.1408640491837456,0.8639659880263829,0.424192990034996,0.546875,0.9914370882148433,F2_gate_active,False
OADMET-0006241,False,,,0,0.5254237,5.544332575301345,2.8580000000000014,0.38095238095238093,401.53200000000027,78.51,0,2,2.2907957103431364,0.7488157386331884,0.1334263270477286,0.5254237,0.7451927799684666,F2_gate_active,False
OADMET-0006236,False,,,0,0.516129,5.11963354104274,3.284440000000002,0.4,339.439,65.2,0,2,3.0778526348551987,0.9011001697756406,0.1013317618191603,0.516129,0.9880057244474336,F2_gate_active,False
OADMET-0006235,False,,,0,0.52307695,5.044428763256605,2.858600000000001,0.8,366.50200000000024,78.87,0,0,2.9444538850680573,0.7086579424149797,0.7002695513667003,0.52307695,0.9550875181910984,F2_gate_active,False
OADMET-0006234,True,5.365,F2_gate_active,0,0.5151515,5.0874813838356525,2.7478000000000007,0.47368421052631576,370.4570000000001,83.48,0,2,2.4134492385612987,0.8712649286712886,0.4194197611669015,0.5151515,0.9345579939698951,F2_gate_active,True
OADMET-0006233,True,4.515000000000001,,0,0.58928573,4.139420412500266,2.8810200000000012,0.2,240.30600000000004,41.99,0,2,2.119564650757427,0.8959201723490005,0.3824684871371757,0.58928573,0.9845628420793626,F2_gate_active,False
OADMET-0006232,True,4.815,mid,0,0.56060606,4.983060234114571,3.433600000000002,0.17647058823529413,293.326,62.13,0,3,2.995181235798423,0.7870017395333228,0.1414334792695513,0.56060606,0.44420421648984343,uncertain,False
OADMET-0006230,True,3.035,,0,0.42857143,4.380725107001623,0.12704000000000026,0.5,312.3910000000001,77.92,0,1,2.1739434805720297,0.8569028022210237,0.4417984468047419,0.42857143,0.022699175044600436,F2_dead,True
OADMET-0006229,False,,,0,0.5272727,4.019525382465666,3.2627000000000024,0.26666666666666666,241.28999999999996,33.45,0,2,1.916802363582626,0.7674150111798698,0.4170201046359176,0.5272727,0.95977868699911,F2_gate_active,False
OADMET-0006228,True,5.470000000000001,F2_gate_active,0,0.46875,5.1704061431090045,1.941599999999999,0.47058823529411764,297.35799999999995,55.2,0,2,3.0646791753588634,0.8509887707303795,0.4845329723928921,0.46875,0.9273037681524721,F2_gate_active,True
OADMET-0006226,True,4.955,mid,0,0.43661973,5.007817481910283,3.3096000000000014,0.3076923076923077,330.335,66.91,0,2,2.9984286979674017,0.9036649536116099,0.347923175114461,0.43661973,0.973885179446044,F2_gate_active,False
OADMET-0006222,True,3.665,,0,0.48214287,4.074989848538585,1.1104,0.4666666666666667,340.40100000000007,112.57,0,1,2.1481768473748435,0.6881175066050788,0.6160985483302373,0.48214287,0.08835159188664932,F2_dead,False
OADMET-0006220,False,,,0,0.47457626,4.469044068120741,2.1163,0.35294117647058826,297.358,55.32,0,2,2.175486337955988,0.8517391657414081,0.2127260054673601,0.47457626,0.8586280403750028,F2_gate_active,False
OADMET-0006219,True,4.949999999999999,mid,0,0.46875,4.735141574979971,2.681540000000001,0.42857142857142855,259.30899999999997,60.06,0,2,2.7864079178834906,0.9015815450336861,0.4435257188434248,0.46875,0.876364735555642,F2_gate_active,False
OADMET-0006217,False,,,0,0.46969697,4.68331843911832,2.786240000000001,0.4666666666666667,306.38700000000006,64.36,0,2,2.903745922120759,0.9431043757061617,0.2590446531770038,0.46969697,0.3752133833843365,uncertain,False
OADMET-0006216,False,,,0,0.43396226,4.073173177620593,2.668820000000001,0.3157894736842105,320.3960000000001,50.50000000000001,0,3,2.3345266501438644,0.6924966579541438,0.2232146553453489,0.43396226,0.8950963758099351,F2_gate_active,False
OADMET-0006215,False,,,0,0.51724136,5.33531680609859,1.4406,0.4375,316.3820000000001,70.4,0,1,4.770325398261372,0.7742105758962731,0.2838015568649056,0.51724136,0.017643080243661558,F2_dead,False
OADMET-0006214,False,,,0,0.55,4.740213666160056,2.08,0.5,331.34799999999996,81.81,0,2,2.9802948956482957,0.9092747970133177,0.2589843443556849,0.55,0.3679727872281909,uncertain,False
OADMET-0006212,False,,,0,0.43076923,5.197426546977812,3.543400000000002,0.3157894736842105,374.39100000000013,74.33000000000001,0,2,2.7324203485324094,0.8595987551673793,0.0699061430186629,0.43076923,0.9764954617836996,F2_gate_active,False
OADMET-0006210,True,4.8100000000000005,mid,0,0.46575344,4.947759084214825,2.2247000000000003,0.6,333.4170000000001,74.83000000000001,0,2,3.0136250876591486,0.6168503359536832,0.3599013450905642,0.46575344,0.9745603360597667,F2_gate_active,False
OADMET-0006207,False,,,0,0.59375,5.163156030948635,3.064400000000001,0.35,348.406,75.02000000000001,0,3,3.1392084844589423,0.7722146336049348,0.0905560082745348,0.59375,0.5436831768204836,uncertain,False
OADMET-0006206,True,4.02,,0,0.45070422,4.16451554707827,1.9788,0.5714285714285714,321.406,85.69,0,2,3.290934346197746,0.6692634414068944,0.3503379529382953,0.45070422,0.9670532796700341,F2_gate_active,False
OADMET-0006204,True,4.67,mid,0,0.5925926,5.851348144561053,3.9055000000000026,0.4117647058823529,346.4770000000001,58.2,0,2,4.432079751078632,0.8824406238103679,0.3377208113294047,0.5925926,0.8321934146191834,F2_gate_active,False
OADMET-0006203,True,4.895,mid,0,0.5070422,4.760423093764112,2.402400000000001,0.6666666666666666,370.4970000000001,56.75000000000001,0,1,3.4525782575228927,0.8021767806945003,0.3373342373992573,0.5070422,0.9800097594932359,F2_gate_active,False
OADMET-0006201,True,3.995,mid,0,0.46551725,4.892811567679695,2.0133,0.29411764705882354,345.424,88.16,0,2,2.4094711217520857,0.8381917443315875,0.2052896171190609,0.46551725,0.9486779562987548,F2_gate_active,False
OADMET-0006200,True,5.41,F2_gate_active,0,0.56363636,5.16537290751788,3.369500000000002,0.2,331.4220000000001,71.95,0,3,2.5746969835603846,0.7954029881810981,0.270083272741248,0.56363636,0.859718525111105,F2_gate_active,True
OADMET-0006199,False,,,0,0.4477612,5.581255717643847,4.074700000000003,0.3333333333333333,385.41400000000016,61.440000000000005,0,2,2.675392160047279,0.8365783196431068,0.3018304299088411,0.4477612,0.9441013994274291,F2_gate_active,False
OADMET-0006198,False,,,0,0.5492958,4.106040274065149,2.776600000000001,0.47058823529411764,375.8160000000003,109.99999999999999,0,2,2.6814670026354204,0.7773144147320831,0.351839272323671,0.5492958,0.949873303103177,F2_gate_active,False
OADMET-0006197,False,,,0,0.5614035,4.9230350441322095,3.345500000000002,0.26666666666666666,273.357,33.45,0,2,2.2129362162517907,0.8596188854580619,0.3821568020116083,0.5614035,0.9914370882148433,F2_gate_active,False
OADMET-0006196,True,4.710000000000001,mid,0,0.49275362,4.340798810605149,1.4840000000000002,0.375,325.3760000000001,89.17,0,3,2.903476891246047,0.7245131437276235,0.4983390347183131,0.49275362,0.026751545753493637,F2_dead,False
OADMET-0006195,False,,,0,0.5405405,5.222017191228581,4.0374000000000025,0.5789473684210527,386.8870000000002,84.73,0,2,3.7566575474637203,0.8299960327609203,0.2255708035698163,0.5405405,0.5345912044226213,uncertain,False
OADMET-0006193,False,,,0,0.530303,4.175096939531894,3.0887400000000014,0.4117647058823529,357.43900000000014,77.05000000000001,0,3,2.7365050823304884,0.7197651476777502,0.2440743226264477,0.530303,0.957852364167637,F2_gate_active,False
OADMET-0006192,True,4.44,mid,0,0.44444445,4.726338252870338,1.3904999999999994,0.4375,327.3920000000001,81.21000000000001,0,3,2.931766443484852,0.7231535173916576,0.5178370850316198,0.44444445,0.07229197787211525,F2_dead,False
OADMET-0006191,True,4.21,,0,0.49122807,4.5064336701512255,3.029600000000001,0.35294117647058826,349.337,84.22,0,2,3.3656619994036934,0.6418666904683132,0.2449900824640979,0.49122807,0.9433232142876671,F2_gate_active,False
OADMET-0006190,False,,,0,0.58064514,4.625598389524363,1.6151999999999993,0.4117647058823529,296.37399999999997,61.02,0,2,3.052032678106116,0.9009898695519678,0.4780467020019716,0.58064514,0.23066658618395555,F2_dead,False
OADMET-0006189,False,,,0,0.5,4.942308978557589,2.700700000000001,0.5,347.80600000000015,81.92999999999999,0,2,2.904036209357537,0.8987995342884924,0.3653368787003118,0.5,0.5938854983876807,uncertain,False
OADMET-0006186,True,4.84,mid,0,0.51724136,5.534454132163006,2.6714200000000003,0.35714285714285715,325.8210000000001,63.99,0,2,2.584636723880445,0.943245169016033,0.0999628542950597,0.51724136,0.9645302706463538,F2_gate_active,False
OADMET-0006184,False,,,0,0.5,5.748289018792012,3.703940000000003,0.47058823529411764,321.442,60.17,0,2,2.7585202281124417,0.8611548614361355,0.2777276418933086,0.5,0.9572818166093844,F2_gate_active,False
OADMET-0006183,True,3.3200000000000003,,0,0.47761193,4.629050098292009,1.1763999999999994,0.47058823529411764,313.35699999999997,64.43,0,2,3.1838869982228726,0.8348916711609449,0.44169474352039,0.47761193,0.03129562107690089,F2_dead,True
OADMET-0006182,True,5.505,F2_gate_active,0,0.5294118,5.558058487564947,3.060920000000001,0.3684210526315789,322.412,48.470000000000006,0,2,2.5170531659809683,0.9433698173124277,0.2909388048178896,0.5294118,0.9369329223660677,F2_gate_active,True
OADMET-0006181,False,,,0,0.4827586,4.856006672226075,1.8387999999999998,0.4117647058823529,334.4410000000001,58.64,0,2,2.492963123613471,0.906366529820628,0.2142866196389032,0.4827586,0.973686336224986,F2_gate_active,False
OADMET-0006178,False,,,0,0.5,4.982269292501711,3.7421000000000033,0.19047619047619047,332.403,34.47,0,3,2.440356414577561,0.7321036715658851,0.4040262069474522,0.5,0.9750025831267075,F2_gate_active,False
OADMET-0006177,False,,,0,0.5,4.568521286645674,1.6746999999999999,0.35714285714285715,272.308,71.25,0,2,3.4126823278492573,0.8569251746178147,0.5070182315674195,0.5,0.66426775793473,uncertain,False
OADMET-0006174,False,,,0,0.5,5.383585485772086,3.239700000000002,0.5,326.40000000000003,71.26,0,2,3.1163399473075675,0.9360618764490136,0.1678108944165858,0.5,0.2261687329609071,F2_dead,False
OADMET-0006173,False,,,0,0.530303,5.2934914479794095,3.317400000000002,0.3157894736842105,325.364,59.0,0,2,2.8955258414645613,0.8736685864891556,0.1862533917237046,0.530303,0.9594769384463027,F2_gate_active,False
OADMET-0006172,False,,,0,0.54385966,5.060315305947281,1.4155,0.625,340.44500000000016,59.08,0,1,3.0938345598695234,0.8348578080101595,0.2286658035468625,0.54385966,0.5777314103969696,uncertain,False
OADMET-0006171,False,,,0,0.5409836,4.73365036548862,1.9067,0.3125,333.41300000000007,64.43,0,2,2.4553277019679154,0.8572086143515457,0.3868200246909435,0.5409836,0.9979490607186284,F2_gate_active,False
OADMET-0006169,False,,,0,0.57894737,5.308011074114298,3.6044000000000027,0.35,357.475,54.45,0,2,1.9874360682459837,0.8431990300126384,0.2487083386755804,0.57894737,0.9622747340088977,F2_gate_active,False
OADMET-0006168,False,,,0,0.48333332,4.25514254714052,2.599400000000001,0.3157894736842105,320.3960000000001,51.02,0,3,2.130499617176831,0.6923643779649254,0.2008913934969518,0.48333332,0.9077924643705925,F2_gate_active,False
OADMET-0006165,False,,,0,0.5671642,5.248086406136411,3.244100000000002,0.47058823529411764,317.364,59.230000000000004,0,2,2.490100719719395,0.8683374959098661,0.1480528707848152,0.5671642,0.9660252388244984,F2_gate_active,False
OADMET-0006164,False,,,0,0.5970149,4.864032613320124,3.8115000000000023,0.35,391.39300000000014,71.09,0,2,2.1361394973253844,0.70536706674038,0.398492234874212,0.5970149,0.8039401705581752,F2_gate_active,False
OADMET-0006163,False,,,0,0.51666665,5.389461340482418,2.967900000000001,0.3157894736842105,358.463,66.48,0,2,1.9584566532947356,0.91721552824589,0.1334568177683544,0.51666665,0.9906775616630168,F2_gate_active,False
OADMET-0006162,False,,,0,0.484375,4.573203201338996,2.964900000000001,0.5555555555555556,330.4070000000001,45.400000000000006,0,2,2.7246763431368013,0.8432780009550381,0.2000816625781794,0.484375,0.990263933304436,F2_gate_active,False
OADMET-0006161,True,4.34,mid,0,0.53125,4.473841452518826,2.5796,0.42857142857142855,382.4640000000001,86.63000000000001,0,2,2.2841652856558454,0.8263332158479287,0.2941929269229282,0.53125,0.766864361587931,F2_gate_active,False
OADMET-0006160,True,5.405,F2_gate_active,0,0.44067797,5.563074159263633,2.9607400000000013,0.4,374.50600000000026,49.85000000000001,0,2,2.0954636306649252,0.8073806278395274,0.095326730703361,0.44067797,0.9777758535042966,F2_gate_active,True
OADMET-0006158,True,3.9,,0,0.546875,4.255316132811602,2.6717200000000005,0.3333333333333333,314.36,42.43000000000001,0,2,2.6925386480889966,0.8745676075169849,0.2197181383306352,0.546875,0.9875827122681806,F2_gate_active,False
OADMET-0006157,False,,,0,0.5106383,5.620318889603731,4.012360000000004,0.5,335.46900000000005,60.17,0,2,2.611342042835119,0.8467104716247135,0.2353689243397529,0.5106383,0.9543844584017191,F2_gate_active,False
OADMET-0006153,False,,,0,0.53968257,5.1437491998672495,3.170300000000001,0.35,342.389,32.34,0,2,2.636466333098168,0.9256141090585208,0.640541537870002,0.53968257,0.9916834080620568,F2_gate_active,False
OADMET-0006149,True,4.66,mid,0,0.41791046,5.047902754422496,2.676000000000001,0.2777777777777778,361.4190000000002,81.7,0,2,2.200967719693125,0.9053631140700332,0.2112368950319796,0.41791046,0.9879959538183665,F2_gate_active,False
OADMET-0006147,False,,,0,0.5277778,5.107712477432893,3.0435000000000016,0.47058823529411764,312.373,75.06,0,2,3.350065092413903,0.8726618555339368,0.2525673627593671,0.5277778,0.5880315409016035,uncertain,False
OADMET-0006144,False,,,0,0.43076923,5.075774545180482,2.60262,0.4,321.331,71.84,0,2,2.9781771356111957,0.9125877270260034,0.1844864277121403,0.43076923,0.7446207631197597,F2_gate_active,False
OADMET-0006142,False,,,0,0.42592594,5.94504632383585,3.2819400000000023,0.5555555555555556,365.49900000000014,85.07999999999998,0,2,2.91087291449832,0.8787035191562607,0.1252045503023983,0.42592594,0.9211866978908371,F2_gate_active,False
OADMET-0006138,False,,,0,0.46875,4.903154811248923,2.8062000000000014,0.35,352.43800000000005,65.54,0,2,2.163861298195471,0.903765634517753,0.2867408821439854,0.46875,0.994453972920345,F2_gate_active,False
OADMET-0006137,False,,,0,0.4375,4.877438528262554,4.3137000000000025,0.2777777777777778,474.25600000000014,64.74000000000001,0,3,2.7366414599827635,0.5420074544386051,0.1486121227769166,0.4375,0.95843979712813,F2_gate_active,False
OADMET-0006136,False,,,0,0.50877196,4.821942062162562,2.1879,0.8461538461538461,304.31600000000003,45.400000000000006,0,1,3.0302379380358797,0.8530209862445748,0.3601635271856823,0.50877196,0.9705226019834446,F2_gate_active,False
OADMET-0006134,True,5.59,F2_gate_active,0,0.47692308,5.252952350256663,2.5323800000000007,0.47058823529411764,331.44100000000014,87.18999999999998,0,1,3.8014614177711312,0.8436414877543449,0.3792072102007086,0.47692308,0.9116519684811923,F2_gate_active,True
OADMET-0006133,False,,,0,0.47297296,4.626236012798409,2.965200000000001,0.23529411764705882,422.25800000000004,73.97,0,3,2.612552987883049,0.6632086457387367,0.0923251480280746,0.47297296,0.9563140687088078,F2_gate_active,False
OADMET-0006131,True,5.495,F2_gate_active,0,0.43076923,5.190936376769538,3.320800000000002,0.23529411764705882,365.8380000000002,72.47,0,2,2.205723733955576,0.9051238994195041,0.2090835122646818,0.43076923,0.9917552474800468,F2_gate_active,True
OADMET-0006127,False,,,0,0.48333332,4.859830561326629,2.0763,0.5,319.3900000000001,89.77,0,2,2.7755600817525146,0.9109620240907702,0.319818204620455,0.48333332,0.7424484563454589,F2_gate_active,False
OADMET-0006125,True,5.470000000000001,F2_gate_active,0,0.5882353,5.187845476259262,2.9132000000000016,0.125,333.434,66.4,0,3,2.535978076457763,0.7543238455966601,0.2869520871106321,0.5882353,0.9676009521676258,F2_gate_active,True
OADMET-0006124,False,,,0,0.5205479,5.920504272114486,4.6699000000000055,0.36363636363636365,384.4510000000001,69.64,0,2,2.9118103158817217,0.80477678167224,0.1371971906296779,0.5205479,0.14467060676790977,F2_dead,False
OADMET-0006116,True,4.485,,0,0.45762712,4.457609776010341,1.4522999999999997,0.25,331.39700000000005,88.16,0,2,1.8828787078850748,0.8384861513961333,0.4263658336765818,0.45762712,0.11719412191423373,F2_dead,False
OADMET-0006114,False,,,0,0.5625,4.905020932125623,2.1084999999999994,0.47368421052631576,324.42800000000005,50.160000000000004,0,2,2.9275425638725885,0.916309615666404,0.3081038517192647,0.5625,0.6480661335768563,uncertain,False
OADMET-0006112,False,,,0,0.41428572,5.268475690250492,3.9112000000000027,0.5,394.4470000000001,76.14,0,2,2.8486662215782808,0.8243948715132913,0.0828903801025909,0.41428572,0.4957053737691034,uncertain,False
OADMET-0006111,True,5.31,F2_gate_active,0,0.5671642,5.060939393329414,2.446900000000001,0.35294117647058826,342.37800000000004,85.07000000000001,0,3,3.246639256928777,0.7901083734014943,0.2773042917481383,0.5671642,0.9342230040079161,F2_gate_active,True
OADMET-0006110,False,,,0,0.56060606,4.780174066652325,1.6915999999999998,0.5,353.4700000000001,53.400000000000006,0,2,3.1022760798772246,0.8888335634745362,0.4579574075614047,0.56060606,0.935909543445445,F2_gate_active,False
OADMET-0006109,False,,,0,0.55172414,4.642560491788322,3.1285000000000016,0.15789473684210525,303.365,38.13,0,3,2.59657406561265,0.7292820805922251,0.3801253043170763,0.55172414,0.933356586141901,F2_gate_active,False
OADMET-0006107,False,,,0,0.516129,5.061375385943612,2.834100000000001,0.15789473684210525,319.364,58.36,0,3,2.8926947760082786,0.7899992429634549,0.2682405768905831,0.516129,0.602429322231357,uncertain,False
OADMET-0006106,False,,,0,0.4520548,4.826768476609672,4.057500000000003,0.35,393.409,71.09,0,2,2.164146605601724,0.6972546171705241,0.4184066197753451,0.4520548,0.9339883517260609,F2_gate_active,False
OADMET-0006105,True,5.905,F2_gate_active,0,0.5147059,5.6624707632680735,2.8406200000000013,0.4444444444444444,310.40099999999995,41.370000000000005,0,2,2.6524415481217627,0.8751635903295336,0.2716990437917914,0.5147059,0.9690208446680555,F2_gate_active,True
OADMET-0006104,False,,,0,0.5507246,4.947639849560591,2.2711000000000006,0.5,368.4370000000001,102.32000000000001,0,2,3.0036337664851898,0.8720341779392052,0.2164181342267174,0.5507246,0.5750071448104699,uncertain,False
OADMET-0006103,True,3.765,,0,0.5735294,4.589723640370854,3.387500000000002,0.2727272727272727,391.42700000000013,83.66,0,3,2.1660766862271075,0.7169231290429912,0.1547772261581498,0.5735294,0.7381385943867828,F2_gate_active,False
OADMET-0006102,True,4.955,mid,0,0.4918033,4.985280037500039,1.93922,0.5,330.837,66.48,0,1,2.1005895090263333,0.81053291449803,0.2783233568651116,0.4918033,0.9715834633227844,F2_gate_active,False
OADMET-0006100,True,5.234999999999999,F2_gate_active,0,0.5147059,5.01949558233612,2.1378999999999992,0.7058823529411765,334.42000000000024,85.25,0,1,2.667163238772627,0.826230349076385,0.3348320870891572,0.5147059,0.9677818474422387,F2_gate_active,True
OADMET-0006099,False,,,0,0.5873016,4.729204973951299,2.7688000000000015,0.47619047619047616,369.46500000000015,64.43,0,2,3.239899095127443,0.8312689503936509,0.1514696740226266,0.5873016,0.9698835163708216,F2_gate_active,False
OADMET-0006098,False,,,0,0.53424656,4.9139591071123645,3.7200200000000025,0.42105263157894735,338.41100000000006,64.16,0,3,3.048852384019078,0.7299435749942428,0.2422268090903056,0.53424656,0.9868400640868255,F2_gate_active,False
OADMET-0006096,True,2.49,,0,0.5,4.5290444793366245,2.863500000000002,0.47058823529411764,349.337,84.22,0,2,3.913939879072938,0.869291472205688,0.2919885634294141,0.5,0.07080799749282385,F2_dead,True
OADMET-0006095,False,,,0,0.46153846,4.570249563476438,3.030000000000001,0.3888888888888889,423.2860000000001,67.23,0,2,2.8357281346717453,0.7770673864774479,0.4551934157901983,0.46153846,0.9698579676415962,F2_gate_active,False
OADMET-0006094,True,5.165,F2_gate_active,0,0.5283019,5.201659765460693,4.230820000000003,0.2222222222222222,329.35,46.92,0,3,2.549234611993187,0.7784201068821356,0.041517969951015,0.5283019,0.9384341393814385,F2_gate_active,True
OADMET-0006092,True,5.795,F2_gate_active,0,0.52112675,5.3972545467584565,2.7715199999999998,0.3157894736842105,370.84000000000003,79.53,0,2,2.687189104848276,0.9004698694673482,0.2667147250262981,0.52112675,0.9651437806206513,F2_gate_active,True
OADMET-0006091,True,4.94,mid,0,0.47887325,5.087643508623796,3.003700000000002,0.6842105263157895,331.4600000000001,54.46000000000001,0,1,3.332951615511994,0.9249408574358056,0.1825672374121811,0.47887325,0.9847499001832977,F2_gate_active,False
OADMET-0004675,True,4.895,mid,0,0.44285715,4.812623209136984,1.7643,0.6111111111111112,301.3860000000001,38.769999999999996,0,1,4.014085935329448,0.8538339330360827,0.3838224049527584,0.44285715,0.9291959318591365,F2_gate_active,False
OADMET-0004674,True,4.995,mid,0,0.4375,5.103855162404479,3.193880000000002,0.5333333333333333,296.29200000000003,36.260000000000005,0,1,3.608656541931902,0.7982457316561915,0.1993604264246161,0.4375,0.8971330031178468,F2_gate_active,False
