file,nb_num,in_RAE,n_test
te_nb900_llm_retry,900.0,0.0,513
te_nb988_nb982_stretch,988.0,0.5863,513
te_nb986_asymmetric_blend,986.0,0.6105,513
te_nb989_chemprop_aux_affine,989.0,0.6116,513
te_nb987_exp_avg_ensemble,987.0,0.6144,513
te_nb985_extended_blend,985.0,0.6188,513
te_chemprop_aux_BAD4141,,0.6215728863514471,513
te_chemprop_aux,,0.6215728863514471,513
te_grand_v6b_calib,,0.6408770970494169,513
te_nb306_cepsmim,306.0,0.6486200873438499,513
te_grand_v6c,,0.6488075850474847,513
te_grand_v6b,,0.6488075850474847,513
te_nb132_seed_ensemble,132.0,0.6586828737703991,513
te_nb305_mope,305.0,0.6600968418197544,513
te_oof_all_feature_fusion,,0.6624935784272319,513
te_nb130_external_pxr,130.0,0.6630772562529069,513
te_deep_ensemble,,0.6656548398180969,513
te_nr_weighted,,0.6729177027109073,513
te_oof_selectivity_aware,,0.6729602392739175,513
te_oof_lgbm_chembl_all_nr_weighted,,0.6746073163056028,513
te_grand15,,0.6768964247566899,513
te_morgan_protbert_nr,,0.6784770094314684,513
te_nb147_pseudo_iter,147.0,0.6788825868441788,513
te_catboost,,0.6791665905634746,513
te_morgan_esm2_nr,,0.6799458252133466,513
te_oof_delta_chemprop_cpu,,0.6821212672077747,513
te_nb264_chemprop_mt,264.0,0.6851493381022231,513
te_xgboost_dart,,0.686183105886455,513
te_aug_lgbm_pap,,0.6871282344543969,513
te_grand25,,0.6882913390232956,513
te_grand24,,0.6891173920725685,513
te_nb216_aux_stack,216.0,0.689773149641357,513
te_nb972_long_train,972.0,0.6898,513
te_nb98_chembl_bayesian_fp,98.0,0.6899936231203638,513
te_oof_multi_nr_transfer,,0.6900582295444403,513
te_hard_negatives,,0.6902814351352894,513
te_nb97_pxr_features,97.0,0.6903146085647818,513
te_lgbm_pubchem,,0.6904265738565217,513
te_lgbm_all_external,,0.6904265738565217,513
te_lgbm_base,,0.6904265738565217,513
te_lgbm_bindingdb,,0.6904265738565217,513
te_oof_lgbm_chembl_pxr_direct,,0.6904876767547873,513
te_oof_pseudo_label,,0.6925243783667643,513
te_nb303_dann,303.0,0.6931053413000008,513
te_nb286_clean_v2,286.0,0.6939020301424328,513
te_nb131_pseudo_label,131.0,0.693921164363641,513
te_grand23,,0.6956106278103421,513
te_oof_free_wilson,,0.6970052492754975,513
te_grand18,,0.6972014408396037,513
te_nb315_v1_nb107_enh,315.0,0.697666506831105,513
te_nb100_emax_corrected,100.0,0.6996522268017217,513
te_nb315_v3_nb117_enh,315.0,0.7006328787425609,513
te_nb93_chemprop_large_gpu,93.0,0.7017965200807301,513
te_nb130_struct_ext,130.0,0.7028828874707266,513
te_oof_tox21_bio_fp,,0.7033621806306365,513
te_oof_smiles_aug,,0.7034397806581637,513
te_oof_3d_shape_conformer,,0.7040374088317652,513
te_aug_lgbm_ext,,0.704843919478304,513
te_oof_lgbm_cliff_aware_external,,0.7056941041229748,513
te_oof_bio_nr_fingerprint,,0.705757835210781,513
te_nb914_ph_retry,914.0,0.7062,513
te_lgbm_cliff_oversample,,0.7070442903174783,513
te_nb267_quantile,267.0,0.7084986491417974,513
te_nb319_ood_blend,319.0,0.7092895781224168,513
te_oof_lgbm_pubchem_pxr_fixed,,0.7095379394975665,513
te_oof_lgbm_full_metrics_baseline,,0.7095379394975665,513
te_oof_3d_shape,,0.7095379394975665,513
te_oof_lgbm_counter_soft,,0.7095379394975665,513
te_oof_multitask_lgbm_heads,,0.7095379394975665,513
te_nb276_combined,276.0,0.7099674991861777,513
te_oof_pxr_pharmacophore,,0.7103179955342019,513
te_oof_multi_fp_ensemble,,0.7108685674508652,513
te_oof_stochastic_ensemble,,0.7114546878604595,513
te_nb175_eng_v2,175.0,0.7148096674881773,513
te_nb294_hetnll,294.0,0.7153739491949956,513
te_nb155_tta,155.0,0.7154244317514084,513
te_nb172_brute_ensemble,172.0,0.7166812807137717,513
te_nb153_counter_multi,153.0,0.720007102319334,513
te_nb154_goss_aux,154.0,0.7202836054324798,513
te_nb174_engineered,174.0,0.7208887968841441,513
te_nb139_adaptive_blend,139.0,0.7212631963979831,513
te_nb258_cross_target,258.0,0.7218455602892191,513
te_nb257_ext_knn,257.0,0.7224638965792747,513
te_nb129_final_blend,129.0,0.7224673373500254,513
te_nb152_top3d,152.0,0.7228197819478379,513
te_nb246_base,246.0,0.7236970873114016,513
te_nb246_tta_median,246.0,0.7236970873114016,513
te_nb281_unweighted,281.0,0.7236970873114016,513
te_nb246_confidence_shrunk,246.0,0.7236970873636341,513
te_nb309_novartis,309.0,0.7237636068994664,513
te_nb228_medchem,228.0,0.7238577973340411,513
te_nb317_external_mt,317.0,0.7243102663582611,513
te_nb314_tdc,314.0,0.7248527620482572,513
te_nb176_atom_sim,176.0,0.7250165715977626,513
te_nb138_elnet_final,138.0,0.7255835265450004,513
te_nb136_xgb_meta,136.0,0.725665945818155,513
te_nb142_xgb_calibrated,142.0,0.725665945818155,513
te_nb150_smarts,150.0,0.7256680250934943,513
te_nb134_grand_v9,134.0,0.7257324064037917,513
te_nb296_tda,296.0,0.7260750315871295,513
te_lgbm_aug,,0.72663380741174,513
te_nb141_xgb_ablation,141.0,0.7270100250929704,513
te_nb180_full,180.0,0.7270517110615825,513
te_nb170_boltz_feat,170.0,0.7273664336031687,513
te_nb99_sc_bio_fp,99.0,0.727941258303133,513
te_nb245_massive_mean,245.0,0.7279936725019484,513
te_nb220_mmp_features,220.0,0.7281015855541658,513
te_nb310_az,310.0,0.7281105391373315,513
te_nb245_massive_trim,245.0,0.7281640836447186,513
te_nb280_combined,280.0,0.7283830868847938,513
te_nb295_rag,295.0,0.7287049696924365,513
te_nb275_combined,275.0,0.7290725880020815,513
te_oof_graph_spreading,,0.7291397953697568,513
te_nb308_active,308.0,0.7297975172397835,513
te_nb291,291.0,0.7301964654549028,513
te_nb313_admet,313.0,0.7302715060962478,513
te_nb132_tanimoto,132.0,0.731318800094459,513
te_nb140_xgb_lgbm_meta,140.0,0.7313835283496438,513
te_nb213_chemberta_mtr,213.0,0.7316958727389314,513
te_nb263_pxr_active_knn,263.0,0.7318409814233527,513
te_nb128_et_aug,128.0,0.7319943010788307,513
te_nb298_pose_ifp,298.0,0.7334834022079733,513
te_nb283_rnn_transformer_mpnn,283.0,0.7339332064324727,513
te_nb125_ridge,125.0,0.7339665900640079,513
te_nb251_smarts,251.0,0.7342871755815014,513
te_nb148_pxr_network,148.0,0.7343437490671652,513
te_nb163_lgbm_colsample,163.0,0.7343727199362977,513
te_nb315_v2_nb145_enh,315.0,0.7344159703779576,513
te_nb115_extreme_weighted,115.0,0.7346748528708775,513
te_nb145_level3_meta,145.0,0.7356692895353134,513
te_nb124_scaffold_specific,124.0,0.7363830502105629,513
te_nb128_rf_et_aug,128.0,0.7376415754873744,513
te_nb281_relabeled,281.0,0.7377742162149558,513
te_nb144_grand_v10,144.0,0.7379356684160663,513
te_nb319_strict_ood,319.0,0.7382227020558056,513
te_nb147_oofrdkit_meta,147.0,0.7386897504095852,513
te_nb123_fair_1.0,123.0,0.7390725261985823,513
te_nb118_et,118.0,0.7393264591085369,513
te_lgbm_tuned,,0.7393577731093236,513
te_nb312_relabeled,312.0,0.7395494254560134,513
te_nb146_chembl_analogy,146.0,0.7400173682720341,513
te_nb116_quantile_q50,116.0,0.7404252383345625,513
te_nb143_oofassay_meta,143.0,0.7404641149727479,513
te_nb268_gated,268.0,0.7404699518858342,513
te_nb177_bootstrap,177.0,0.7407184623919,513
te_nb288_gp_corrected,288.0,0.7409898506941832,513
te_nb148_meta_disagreement,148.0,0.7418351649035628,513
te_nb302_full_pool,302.0,0.7422746054881567,513
te_nb317_anchored,317.0,0.7422747573667317,513
te_nb304_cel,304.0,0.7423068173433498,513
te_nb265_5cls,265.0,0.7427592165425242,513
te_nb117_knn_residual,117.0,0.742958711288211,513
te_nb109_deep_meta_stack,109.0,0.742958711288211,513
te_nb144_full_papyrus,144.0,0.743579856200664,513
te_nb122_nonlinear_meta,122.0,0.7437111972353837,513
te_nb179_fresh,179.0,0.7437679897822748,513
te_nb107_assay_decomp,107.0,0.7439500623432751,513
te_nb123_mse_reference,123.0,0.7439849947155796,513
te_nb151_3d_quantum,151.0,0.7440169188834697,513
te_nb123_lad_l1,123.0,0.7440479936850641,513
te_nb109_deep_meta_stack_calib,109.0,0.7441261672821375,513
te_nb292_molrule,292.0,0.7442950849289286,513
te_nb107_assay_decomp_calib,107.0,0.7447127733212566,513
te_nb121_test_sim_weighted,121.0,0.7448248151265504,513
te_nb250_hbond_corr,250.0,0.7449341467024203,513
te_nb133_interactions,133.0,0.7452927411946758,513
te_nb269_routed,269.0,0.7454121573359932,513
te_nb314_slsqp5,314.0,0.7454122186405655,513
te_nb239_full_slsqp,239.0,0.745412218640566,513
te_nb128_rf_aug,128.0,0.7454186224300159,513
te_nb297_pysr,297.0,0.7456860576850324,513
te_nb272_D_pxr_papyrus_nr_pubchem,272.0,0.7459577010422752,513
te_nb179_stack,179.0,0.7460093119867877,513
te_nb120_huber_1_0,120.0,0.7460841977755746,513
te_nb217_pxr_modes,217.0,0.7468884821936711,513
te_nb153_grand_v12,153.0,0.7471114731571127,513
te_nb151_grand_v11,151.0,0.7474209411017005,513
te_nb223_pool_plus_nb219,223.0,0.7474848023716283,513
te_nb272_B_pxr_papyrus,272.0,0.7475759735089913,513
te_nb166_catboost_v2,166.0,0.7478602924069427,513
te_nb219_aug_30pct,219.0,0.7479729564067098,513
te_nb284_multimetric_biomech,284.0,0.7480563691963682,513
te_nb175_stack_nb224_eng,175.0,0.7484859413794109,513
te_nb125_enet,125.0,0.7484923434502876,513
te_nb176_stack_nb224,176.0,0.7485635123392238,513
te_nb123_huber_1.0,123.0,0.7490401247935101,513
te_nb299_nrclip,299.0,0.74984210543215,513
te_nb120_huber_2_0,120.0,0.7501893781890057,513
te_nb971_rdkit_only,971.0,0.7504,513
te_nb169_rf_et_mae,169.0,0.7507069563243404,513
te_nb126_classifier_conditioned,126.0,0.7507385810126035,513
te_nb224_pool_plus_2,224.0,0.7509481358150754,513
te_nb149_meta_maeloss,149.0,0.7511871696654289,513
te_nb156_catboost_mae,156.0,0.7512641989810885,513
te_nb120_huber_0_5,120.0,0.7513164187634646,513
te_nb248_personalized,248.0,0.7515326464535486,513
te_nb242_huber,242.0,0.7518803273873399,513
te_nb127_exhaustive_blend,127.0,0.7525520825815862,513
te_nb145_lgb_stack,145.0,0.7528803557939121,513
te_nb145_xgb_stack,145.0,0.7537725153868888,513
te_nb110_scaffold_prior,110.0,0.7543111489948772,513
te_nb172_bootstrap_ensemble,172.0,0.7544989466324706,513
te_nb155_grand_v13,155.0,0.75450488162029,513
te_nb171_catboost_extended,171.0,0.754690098647674,513
te_nb273_combined,273.0,0.7549100624782225,513
te_nb165_multiseed_162c,165.0,0.7550992078308211,513
te_nb272_A_full_pxr,272.0,0.7554640267196213,513
te_nb168_multiseed_catboost,168.0,0.7560664246126149,513
te_nb164_grand_v14,164.0,0.7573443524295521,513
te_grover_lgbm,,0.7574138190533889,513
te_nb149_dis_aug,149.0,0.7586220617970317,513
te_nb125_2way,125.0,0.7600257682966298,513
te_nb293_conformal,293.0,0.7601500182850243,513
te_nb173_softmax_sweep,173.0,0.7605921950017624,513
te_nb243_greedy,243.0,0.7611061839212089,513
te_nb180_nonlinear_6model,180.0,0.7619532839904573,513
te_nb270_per_compound,270.0,0.7620671591004397,513
te_nb242_nonlin_stack,242.0,0.762817844719159,513
te_nb181_quantile_poly,181.0,0.7629895773487121,513
te_nb175_bayes_blend,175.0,0.7630985513363744,513
te_nb244_deep_greedy,244.0,0.7631447643287708,513
te_nb170_grand_v15,170.0,0.7631819893280001,513
te_nb176_optuna_weights,176.0,0.7632820648401613,513
te_nb184_grand_v16,184.0,0.7634200428463956,513
te_nb183_qreg_poly10,183.0,0.7642858441744638,513
te_nb111_selectivity_primary,111.0,0.7651610584826661,513
te_nb118_rf_et_blend,118.0,0.7653640758721549,513
te_nb152_lgbm_mae_tuned,152.0,0.7657047752050573,513
te_nb174_top10_lgbm,174.0,0.7657382119269754,513
te_nb125_lgbm_meta,125.0,0.766051458104229,513
te_nb120_mape,120.0,0.7662667490108357,513
te_singleconc,,0.7664957316359399,513
te_199_nb197_nb123_w05,,0.7669942170578254,513
te_grover,,0.7705724558384172,513
te_grover_large,,0.7706340535050282,513
te_oof_consensus_delta_ml,,0.7711679510363595,513
te_nb157_optuna_lgbm_mae,157.0,0.7711743593302295,513
te_nb272_C_pxr_papyrus_other_nr,272.0,0.7716905082622546,513
te_nb204_multiseed_fast_baseline,204.0,0.771853638669194,513
te_nb196_fine_div15,196.0,0.7721245028572303,513
te_nb188_diverse_refine,188.0,0.7721584444782947,513
te_nb197_dense_grid,197.0,0.7724036392680231,513
te_nb214_div15_nb212_blend,214.0,0.7729642618342095,513
te_nb162_mixed_pool,162.0,0.7730338725244411,513
te_nb212_nb211_blend,212.0,0.7730474874032964,513
te_nb219_diversity_blend,219.0,0.7730601662821058,513
te_nb195_expanded,195.0,0.7732570051428495,513
te_nb119_optuna_ensemble,119.0,0.7734997414533941,513
te_nb194_constrained,194.0,0.7735780567370824,513
te_nb199_external_pxr,199.0,0.7737331472958858,513
te_nb202_ridge_baseline,202.0,0.774861322350164,513
te_nb207_fine_alpha_min,207.0,0.7754984772881818,513
te_nb205_ratio_inflate,205.0,0.7760743976231657,513
te_nb167_xgboost_mae,167.0,0.7761600675476814,513
te_nb211_div15_chemprop_blend,211.0,0.776558503538066,513
te_nb192_poly_variant,192.0,0.7768142297268482,513
te_nb177_xgb_histgb,177.0,0.7773532099141724,513
te_nb154_lgbm_mae_filtered,154.0,0.7774467299831526,513
te_oof_scaffold_aware_knn,,0.777667484748741,513
te_oof_nested_cv_ensemble,,0.7781733420905212,513
te_nb187_diversity_qreg,187.0,0.7788578445178853,513
te_oof_lgbm_crc_singleconc_fdr,,0.7791063581474701,513
te_nb221_singleconc_aux,221.0,0.7812597132873487,513
te_nb209_direct_best_inflate,209.0,0.7856395595149338,513
te_nb281_precision,281.0,0.7864916665288118,513
te_nb230_top_torsion,230.0,0.7869202316063406,513
te_nb230_maccs,230.0,0.7890505478972061,513
te_nb94_chemberta_mtr,94.0,0.7895083239870764,513
te_chemberta_mtr,,0.7908961353253003,513
te_oof_nested_3tier_rdkit,,0.7923444787601154,513
te_oof_allfp_adaptive_rdkit,,0.7957942099769034,513
te_oof_grand_v9,,0.7984748782336399,513
te_oof_delta_ensemble_blend,,0.800471667399307,513
te_crossattn_chemberta_esm2,,0.8013212579271347,513
te_nb265_binary,265.0,0.8013355403695145,513
te_oof_delta_5tiers,,0.802675731403343,513
te_nb300_diffusion_aug,300.0,0.8029977071939178,513
te_nb230_atom_pair,230.0,0.8030507420093621,513
te_nb265_10cls,265.0,0.8031094801935087,513
te_nb118_rf,118.0,0.8072162612219069,513
te_crossattn_grover_esm2,,0.8089319569136727,513
te_oof_counter_delta,,0.8095512099607401,513
te_oof_grand_v8,,0.811674235359174,513
te_oof_full_desc_delta_3tier,,0.8127950578363149,513
te_nb311_stable,311.0,0.8148888255877559,513
te_oof_grand_v10,,0.8164649282752143,513
te_oof_blend_optimizer,,0.8164649282752143,513
te_oof_allfp_delta_3tier,,0.8171364885241714,513
te_oof_delta_similarity_tiers,,0.8200515043566123,513
te_nb137_counter_delta_exp,137.0,0.82105712425527,513
te_oof_delta_uncertainty,,0.8211060520672151,513
te_oof_enhanced_delta_3tier,,0.8211098858175988,513
te_chemberta_esm2_nr,,0.8212612289513135,513
te_nb230_ecfp8,230.0,0.8218081429518042,513
te_oof_multi_template_delta,,0.82215320120539,513
te_oof_reverse_delta_ml,,0.8231991861164584,513
te_nb215_chemist_features,215.0,0.8259669575639759,513
te_oof_delta_loso,,0.8296504154235612,513
te_lgbm_chemberta_emb,,0.8319178510149497,513
te_oof_grand_v11,,0.8340866587005172,513
te_oof_adaptive_delta_4tier,,0.8340909805149134,513
te_oof_nested_adaptive_delta,,0.8340909805149134,513
te_nb133_neighbor_aware,133.0,0.8358798834831725,513
te_nb260_id_aware,260.0,0.8458863395106068,513
te_knn,,0.8499978457112537,513
te_nb101_delta_smooth,101.0,0.8556918987576085,513
te_oof_delta_ml,,0.8679395488805086,513
te_nb101_delta_base,101.0,0.8679395488805086,513
te_unimol,,0.8692716194395105,513
te_nb273_molformer_only,273.0,0.8720771529105559,513
te_nb177_knn_only,177.0,0.8726930453208578,513
te_nb101_delta_base_calib,101.0,0.8749322098918607,513
te_nb289_test_time_finetune,289.0,0.8839733929947409,513
te_oof_lgbm_all_external_v2,,0.8968324553871312,513
te_bert_smiles,,0.9131216594917959,513
te_nb213_zinc_mlp,213.0,0.9210065422589183,513
te_nb213_chemberta_zinc,213.0,0.9266586096593651,513
te_nb135_sc_neighborhood,135.0,0.9319466376219161,513
te_selformer,,0.9385572395421495,513
te_nb290_mmp_transform,290.0,0.9406385330927096,513
te_oof_gp_tanimoto,,0.9437609492938814,513
te_oof_lgbm_crc_sp_chembl_pxr,,0.9535631147442633,513
te_nb213_zinc_lgbm,213.0,0.9553762417774351,513
te_nb103_seed_propagation,103.0,0.9564913831995431,513
te_nb275_frag,275.0,0.9577146654537413,513
te_oof_creative_mega_ensemble,,0.9586110289147541,513
te_grand_v6,,0.9594087618627027,513
te_nb275_fw,275.0,0.9704450630097348,513
te_aux_features,,0.9753371329879014,513
te_nb266_alpha070,266.0,1.0020190281006445,513
te_nb266_alpha050,266.0,1.0027783883096353,513
te_nb266_alpha100,266.0,1.0650763328932789,513
te_nb281_lambdarank,281.0,1.1551589082754061,513
te_nb276_murcko,276.0,1.1596568082372094,513
te_oof_cliff_adaptive_blend,,1.1599607369251186,513
te_nb276_brics,276.0,1.1922106951368205,513
te_nb266_alpha030,266.0,1.2113834186610821,513
te_nb276_recap,276.0,1.2404202802087896,513
te_nb108_grand_v2,108.0,1.3207913653316783,513
te_nb280_meta_analogy,280.0,1.3926330116261523,513
te_nb279_pocket_aware,279.0,1.625500306095608,513
te_nb282_kg_hetgnn,282.0,2.231579531387836,513
te_nb307_soci,307.0,3.5237397401772323,513
te_nb247_hardness,247.0,3.80493225772377,513
te_gp_uncertainty,,4.89821111615075,513
te_nb116_quantile_width,116.0,5.138389481880962,513
te_nb270_top1sim,270.0,5.176068652960899,513
te_nb288_gp_std,288.0,5.311766679672494,513
te_ensemble_uncertainty,,5.441288647072871,513
te_oof_stochastic_std,,5.592610560090874,513
te_chemprop_disagreement_std,,5.68720701394833,513
te_nb172_variance,172.0,5.700960028220155,513
te_nb271_correction,271.0,5.816730966617674,513
te_nb246_tta_var,246.0,5.839899408488893,513
te_oof_chemprop_chembl_nr_multitask,,5.839899408488894,513
te_nb218_residual_blend,218.0,5.840374689004315,513
te_boltz_iptm_adjustment,,5.992075506436624,513
te_nb259_multitask_nn,259.0,149.2737212541535,513
